,,,Week-By-Week Targets,,,,,,,,,,,,,,,,,,,,Averages,,,Receiving Totals,,,
Rank,Name,Team,0,1,2,3,4,5,6,7,8,9,10,11,12,13,14,15,16,17,18,19,TAR/G,YDS/TAR,TM TAR %,TAR,REC,YDS,TD
1,Steve Ishmael,Syr,0,0,21,14,17,13,10,11,10,0,19,21,11,13,0,0,0,0,0,0,14.5,7.7,0.0,174,105,1347,7
2,Michael Gallup,ColoSt,0,0,15,11,0,11,11,16,16,11,5,17,10,0,0,0,18,0,0,0,12.9,8.4,0.0,168,100,1413,7
3,Trey Quinn,SMU,0,0,8,12,10,19,19,0,21,9,19,11,6,8,0,0,0,11,0,0,12.2,7.8,0.0,159,114,1236,13
4,Anthony Miller,Mem,0,0,0,11,13,9,18,15,17,8,11,0,10,4,20,0,0,0,7,0,11.6,9.7,0.0,151,96,1462,18
5,Ervin Philips,Syr,0,0,9,6,17,21,10,9,17,0,18,13,8,10,0,0,0,0,0,0,12.1,6.2,0.0,145,89,904,4
6,Olamide Zaccheaus,UVa,0,0,18,11,7,0,16,6,11,15,13,8,8,8,0,0,0,0,12,0,10.9,6.3,0.0,142,85,895,5
7,Gary Jennings,WVU,0,0,4,9,7,0,14,12,10,10,9,18,14,4,0,0,0,0,6,0,10.7,7.9,0.0,139,97,1096,1
8,KeeSean Johnson,Fres,0,0,12,12,0,11,4,7,7,10,10,12,9,8,12,0,0,18,0,0,9.9,7.3,0.0,139,77,1013,8
9,Cedrick Wilson,Boise,0,0,12,4,19,0,6,6,5,10,8,11,7,13,13,0,14,0,0,0,9.7,11.1,0.0,136,83,1511,7
10,D.J. Moore,MD,0,0,9,0,12,13,8,17,12,6,11,12,14,14,0,0,0,0,0,0,11.3,7.6,0.0,136,80,1033,8
11,Deontay Burnett,USC,0,0,12,11,15,9,4,15,12,10,2,8,7,0,3,0,0,0,19,0,9.6,8.3,0.0,135,86,1114,9
12,Anthony Johnson,Buff,0,0,4,5,9,7,18,13,11,15,0,12,12,8,0,0,0,0,0,0,11.2,10.1,0.0,134,76,1356,14
13,Courtland Sutton,SMU,0,0,14,7,5,12,20,0,8,10,12,12,9,9,0,0,0,10,0,0,10.3,8.1,0.0,134,68,1085,12
14,Allen Lazard,IaSt,0,0,15,9,0,13,6,4,6,11,10,13,6,13,0,0,0,0,15,0,10.2,7.1,0.0,132,71,941,10
15,Ty Lee,MiddTn,0,0,11,7,12,11,8,8,10,0,10,12,16,10,0,0,8,0,0,0,9.9,7.4,0.0,129,79,955,5
16,Simmie Cobbs,Ind,0,0,8,0,4,8,12,11,12,12,8,10,7,19,0,0,0,0,0,0,10.7,6.6,0.0,128,72,841,8
17,Jaleel Scott,NMSt,0,0,10,9,6,14,0,9,0,8,11,0,8,13,17,0,0,0,8,0,10.3,8.7,0.0,124,76,1079,9
18,Keke Coutee,TxTch,0,0,0,16,12,5,9,8,9,6,16,4,3,14,0,0,0,15,0,0,9.5,11.6,0.0,123,93,1429,10
19,N'Keal Harry,AriSt,0,0,8,17,10,7,0,14,11,7,13,11,0,6,0,0,0,0,11,0,9.4,9.4,0.0,122,82,1142,8
20,James Washington,OkSt,0,0,3,7,9,12,0,11,7,13,12,1,18,12,0,0,0,0,10,0,9.3,12.8,0.0,121,74,1549,13
21,Penny Hart,GaSt,0,0,0,12,15,0,13,14,12,13,14,6,0,11,3,0,3,0,0,0,10.1,9.3,0.0,121,74,1121,8
22,Justin Hall,BallSt,0,0,9,10,9,21,16,0,4,12,8,9,12,8,0,0,0,0,0,0,10.0,6.7,0.0,120,78,801,3
23,Korey Robertson,SouMis,0,0,5,5,0,13,3,7,12,14,13,10,8,11,0,0,0,0,10,0,9.2,9.2,0.0,120,76,1106,12
24,Teddy Veal,LaTech,0,0,5,17,12,9,10,0,8,12,7,13,9,1,0,0,0,9,0,0,9.2,7.9,0.0,120,74,950,7
25,T.J. Rahming,Duke,0,0,14,6,12,9,11,13,9,7,0,8,5,14,0,0,0,0,8,0,9.2,6.6,0.0,120,65,795,2
26,Dylan Cantrell,TxTch,0,0,0,10,4,8,4,13,8,9,11,12,13,11,0,0,0,11,0,0,9.2,6.9,0.0,119,71,816,7
27,Kelvin Harmon,NCSU,0,0,10,6,4,7,8,6,0,12,14,9,15,4,0,0,0,0,6,0,9.1,8.6,0.0,118,69,1017,4
28,Denzel Mims,Baylor,0,0,8,6,19,11,0,6,12,9,7,20,6,6,0,0,0,0,0,0,9.8,9.2,0.0,118,61,1087,8
29,Steven Dunbar,Hou,0,0,9,6,12,12,7,16,11,4,8,0,6,9,0,0,0,17,0,0,9.8,9.1,0.0,117,76,1070,3
30,Vic Wharton,Cal,0,0,6,11,13,10,5,8,12,11,10,0,12,11,0,0,0,0,0,0,9.7,7.5,0.0,116,67,871,5
31,Christian Kirk,TexA&M,0,0,7,7,6,7,6,10,0,11,10,4,12,9,0,0,0,0,16,0,8.8,8.0,0.0,115,71,919,10
32,Stanley Morgan,Neb,0,0,17,13,0,11,7,5,0,10,10,7,9,17,0,0,0,0,0,0,10.5,8.6,0.0,115,61,986,10
33,Wyatt Demps,Nevada,0,0,12,8,11,14,9,8,6,0,8,8,12,6,0,0,0,0,0,0,9.5,8.0,0.0,114,67,908,11
34,Andy Isabella,UMass,0,0,8,10,6,9,0,0,3,10,14,14,9,0,11,0,0,0,0,0,9.5,8.9,0.0,114,65,1020,10
35,Alfonso Onunwor,Idaho,0,0,0,8,15,0,10,11,12,12,14,0,11,10,9,0,0,0,0,0,10.4,7.5,0.0,114,64,856,8
36,Cam Phillips,VaTech,0,0,9,16,10,15,2,0,8,8,9,6,14,4,0,0,0,0,0,0,9.3,8.6,0.0,112,71,964,7
37,Luke Timian,Ind,0,0,8,0,6,4,7,9,10,20,9,10,3,11,0,0,0,0,0,0,9.3,5.3,0.0,112,68,589,2
38,Doni Dowling,UVa,0,0,12,9,3,0,9,9,11,6,11,8,10,8,0,0,0,0,7,0,8.6,5.8,0.0,112,50,647,5
39,Jordan Lasley,UCLA,0,0,0,12,14,13,0,12,0,0,0,11,11,14,0,0,0,0,13,0,12.3,11.4,0.0,111,69,1264,9
40,Ka'Raun White,WVU,0,0,6,8,7,0,10,10,7,10,4,15,10,3,0,0,0,0,9,0,8.5,9.1,0.0,110,61,1004,12
41,Bryan Edwards,SCar,0,0,10,9,9,8,7,10,0,4,12,8,9,9,0,0,0,0,6,0,8.3,7.3,0.0,108,64,793,5
42,Kahlil Lewis,Cin,0,0,11,14,10,8,10,11,12,0,5,9,4,8,0,0,0,0,0,0,9.0,6.3,0.0,108,61,676,7
43,Sergio Bailey,EastMi,0,0,10,0,13,12,11,10,10,9,5,5,7,8,0,0,0,0,0,0,9.0,8.1,0.0,108,54,878,9
44,Linell Bonner,Hou,0,0,11,10,11,8,0,7,11,9,10,0,11,10,0,0,0,9,0,0,9.7,8.3,0.0,107,80,889,5
45,Diontae Johnson,Toledo,0,0,7,9,11,0,11,3,6,7,13,12,4,6,9,0,0,3,0,0,7.6,11.9,0.0,107,74,1278,13
46,Tavares Martin,WashSt,0,0,14,12,7,9,5,8,0,13,12,14,0,7,0,0,0,0,0,0,9.7,7.8,0.0,107,70,831,9
47,Trevon Brown,ECU,0,0,4,8,10,3,4,2,8,0,14,17,10,17,0,0,0,0,0,0,8.8,10.1,0.0,106,60,1069,7
48,Nacarius Fant,WestKy,0,0,15,6,4,0,4,5,3,2,13,7,20,11,0,0,9,0,0,0,8.1,6.7,0.0,105,74,704,4
49,Mark Chapman,CentMi,0,0,11,13,14,11,7,7,5,0,6,4,4,7,0,0,0,7,0,0,8.1,8.3,0.0,105,59,875,5
50,Justin Hobbs,Tulsa,0,0,9,8,13,7,3,0,13,10,12,0,10,8,0,0,0,0,0,0,9.5,7.9,0.0,105,55,830,3
51,Darren Carrington,Utah,0,0,9,11,8,0,9,6,7,16,5,0,4,8,0,0,0,0,8,0,8.7,9.4,0.0,104,70,980,6
52,Tyre Brady,Marsh,0,0,16,15,0,9,9,9,6,13,11,1,0,0,0,0,10,0,0,0,9.5,9.1,0.0,104,62,942,8
53,Jaylen Smith,Lou,0,0,14,13,0,0,0,11,8,10,0,10,6,7,0,0,0,0,11,0,10.3,9.5,0.0,103,60,980,7
54,Calvin Ridley,Ala,0,0,7,6,9,6,8,4,13,0,6,8,3,7,0,0,0,0,5,10,7.3,9.5,0.0,102,63,967,5
55,McLane Mannix,Nevada,0,0,14,9,7,9,7,9,11,0,9,3,10,10,0,0,0,0,0,0,8.5,7.6,0.0,102,57,778,6
56,Ryan Davis,Auburn,0,0,10,11,4,6,2,2,11,0,8,6,7,11,10,0,0,0,11,0,7.2,8.1,0.0,101,84,815,5
57,Dante Pettis,Wash,0,0,5,7,7,15,15,14,0,2,8,7,10,2,0,0,0,0,2,0,7.8,7.5,0.0,101,63,761,7
58,Marquez Valdes-Scantling,USF,0,0,0,9,6,8,0,8,5,15,8,0,10,7,0,0,0,6,0,0,8.4,8.7,0.0,101,53,879,6
59,J'Mon Moore,Missou,0,0,9,7,3,0,9,3,13,8,6,6,6,17,0,0,0,0,8,0,7.7,10.8,0.0,100,65,1082,10
60,David Sills,WVU,0,0,8,4,14,0,13,7,10,9,4,6,5,6,0,0,0,0,0,0,8.3,9.8,0.0,100,60,980,18
61,Steven Sims Jr.,Kansas,0,0,0,10,9,0,9,3,3,16,15,12,6,11,0,0,0,0,0,0,9.1,8.4,0.0,100,59,839,6
62,Collin Johnson,Tex,0,0,6,10,0,4,11,7,6,7,9,11,2,11,0,0,0,0,5,0,7.7,7.7,0.0,100,54,765,2
63,JD Spielman,Neb,0,0,3,7,9,2,11,16,0,13,8,12,12,0,0,0,0,0,0,0,9.0,8.4,0.0,99,55,830,2
64,Bryce Bobo,Colo,0,0,11,6,3,6,8,13,4,4,8,16,0,8,0,0,0,0,0,0,8.2,7.1,0.0,98,62,693,5
65,A.J. Brown,Miss,0,0,8,0,0,2,14,9,10,3,8,16,11,7,0,0,0,0,0,0,8.8,12.9,0.0,97,75,1252,11
66,Jakobi Meyers,NCSU,0,0,5,0,6,8,4,8,0,11,12,4,15,9,0,0,0,0,7,0,8.1,7.5,0.0,97,63,727,5
67,Jacob Sannon,Idaho,0,0,18,9,12,0,11,4,10,9,8,0,2,1,6,0,0,0,0,0,8.0,6.3,0.0,96,59,608,1
68,Davon Grayson,ECU,0,0,7,2,14,13,5,10,10,0,10,11,0,2,0,0,0,0,0,0,8.7,9.2,0.0,96,59,886,6
69,Deon Cain,Clem,0,0,4,8,6,7,8,9,0,6,13,8,5,4,4,0,0,0,11,0,6.9,7.6,0.0,96,58,734,6
70,Felton Davis,MSU,0,0,7,0,9,13,3,2,2,12,19,0,0,11,0,0,0,0,8,0,8.7,8.1,0.0,96,55,776,9
71,James Gardner,Mia-O,0,0,9,0,6,10,13,6,6,0,19,8,5,3,0,0,0,0,0,0,8.7,9.7,0.0,96,47,927,11
72,Scott Miller,BGSU,0,0,10,7,12,13,6,6,5,0,3,11,5,11,0,0,0,0,0,0,7.9,7.6,0.0,95,63,722,4
73,Darren Andrews,UCLA,0,0,4,13,11,12,0,10,12,13,4,0,0,0,0,0,0,0,0,0,10.6,8.1,0.0,95,60,773,10
74,Jamarius Way,USA,0,0,8,2,10,14,0,0,6,10,10,5,8,0,15,0,0,0,0,0,8.4,8.3,0.0,92,47,762,3
75,Christian Blake,NIU,0,0,7,7,0,14,4,8,7,7,8,6,2,9,0,0,0,0,5,0,7.1,4.8,0.0,92,41,442,4
76,Michael Lawrence,NorTx,0,0,9,3,4,3,0,8,14,5,6,9,4,1,10,0,11,0,0,0,6.4,9.1,0.0,90,62,819,4
77,Kanawai Noa,Cal,0,0,3,10,13,10,0,10,11,11,4,0,2,12,0,0,0,0,0,0,8.2,8.8,0.0,90,56,788,4
78,Rico Bussey,NorTx,0,0,5,2,7,8,0,6,6,9,4,5,11,6,10,0,11,0,0,0,6.9,7.5,0.0,90,47,677,7
79,Taivon Jacobs,MD,0,0,5,0,6,9,4,8,9,3,14,16,5,7,0,0,0,0,0,0,7.5,6.1,0.0,90,47,553,5
80,Kyle Williams,AriSt,0,0,4,7,7,4,0,8,6,10,10,13,0,5,0,0,0,0,11,0,6.8,8.6,0.0,89,66,763,7
81,Marcell Ateman,OkSt,0,0,7,5,10,7,0,6,7,2,12,4,11,7,0,0,0,0,6,0,6.8,13.0,0.0,89,59,1156,8
82,Jhamon Ausbon,TexA&M,0,0,8,9,8,5,5,4,0,8,0,8,5,5,0,0,0,0,18,0,7.4,6.4,0.0,89,50,571,3
83,Tre'Quan Smith,UCF,0,0,0,0,6,5,5,7,2,5,11,10,5,12,8,0,0,0,8,0,6.8,13.3,0.0,88,59,1171,13
84,Thomas Owens,FIU,0,0,3,0,6,11,13,11,0,8,10,19,0,0,0,0,0,0,0,0,9.8,10.1,0.0,88,59,887,6
85,Austin Conway,Wyo,0,0,13,7,3,4,0,5,8,3,3,4,8,13,0,0,0,6,0,0,6.7,6.4,0.0,87,62,553,3
86,Braxton Berrios,Mia-Fl,0,0,0,0,8,2,12,8,5,8,4,2,7,11,11,0,0,0,6,0,6.7,7.8,0.0,87,55,679,9
87,Andre Wilson,UAB,0,0,5,5,8,0,11,6,6,9,7,5,5,4,0,0,0,13,0,0,6.7,7.8,0.0,87,54,677,6
88,Marcus Green,UL-Mon,0,0,0,4,8,3,8,5,7,7,6,0,7,13,9,0,0,0,0,0,7.3,9.3,0.0,87,54,812,5
89,Theo Howard,UCLA,0,0,8,6,7,3,0,3,8,2,5,4,18,6,0,0,0,0,11,0,6.6,6.9,0.0,86,56,594,4
90,Chris Murray,ArkSt,0,0,0,4,5,0,6,5,6,9,0,11,3,5,5,0,10,0,0,0,7.2,8.4,0.0,86,52,721,9
91,Hergy Mayala,UConn,0,0,0,5,0,0,0,7,4,16,7,6,11,12,0,0,0,0,0,0,9.6,7.2,0.0,86,43,615,7
92,Da'Mari Scott,Fres,0,0,8,7,0,4,12,2,4,5,4,11,7,5,5,0,0,8,0,0,6.1,6.7,0.0,85,57,566,1
93,Darrell Stewart,MSU,0,0,3,0,12,5,7,5,6,15,8,7,2,5,0,0,0,0,3,0,6.5,5.9,0.0,85,50,501,2
94,Ron'quavion Tarver,UtahSt,0,0,7,8,7,9,11,4,1,6,5,0,4,5,0,0,0,0,14,0,6.5,6.7,0.0,85,48,569,7
95,Kyle Sweet,WashSt,0,0,4,5,2,8,10,3,1,10,5,10,0,8,0,0,0,0,10,0,6.5,6.3,0.0,84,58,533,2
96,Marquise Brown,Okla,0,0,0,8,5,0,6,4,7,8,12,3,6,3,6,0,0,0,11,0,6.5,13.0,0.0,84,57,1095,7
97,DaeSean Hamilton,PSU,0,0,5,4,3,14,4,0,8,5,12,3,8,5,0,0,0,0,6,0,6.5,10.2,0.0,84,53,857,9
98,Isaiah Wright,Temple,0,0,3,7,5,12,7,11,3,0,5,6,9,3,0,0,0,7,0,0,6.5,8.0,0.0,84,46,668,4
99,Spencer Tears,NIU,0,0,7,2,0,12,7,6,7,10,9,4,1,8,0,0,0,0,5,0,6.4,6.4,0.0,83,43,528,4
100,Tre Hartley,SJSU,0,0,5,7,6,6,0,2,0,7,7,4,10,13,0,0,0,0,0,0,6.9,6.3,0.0,83,37,527,2
101,Hunter Renfrow,Clem,0,0,11,4,7,4,6,10,0,2,6,7,3,6,5,0,0,0,9,0,5.9,7.3,0.0,82,60,602,3
102,Dylan Collie,Hawaii,0,0,0,0,5,6,5,6,0,6,12,9,14,7,0,0,0,0,0,0,7.5,7.8,0.0,82,56,636,4
103,Tra'Von Chapman,Akron,0,0,8,11,5,4,6,5,8,6,0,4,11,2,5,0,0,3,0,0,5.9,5.8,0.0,82,53,475,2
104,Elijah King,TxSt,0,0,0,8,4,3,5,4,0,7,17,11,7,9,0,0,0,0,0,0,7.5,9.1,0.0,82,52,750,3
105,Isaiah Zuber,KanSt,0,0,8,6,0,8,8,8,8,5,7,8,3,8,0,0,0,0,2,0,6.3,6.2,0.0,82,51,510,4
106,Nick Easley,Iowa,0,0,9,9,4,6,11,0,8,5,4,6,8,6,0,0,0,0,2,0,6.3,6.5,0.0,82,51,530,4
107,Shay Fields,Colo,0,0,7,9,7,6,9,9,9,4,11,2,0,2,0,0,0,0,0,0,6.8,7.6,0.0,82,46,623,4
108,Allenzae Staggers,SouMis,0,0,7,9,0,8,5,3,11,9,2,5,6,10,0,0,0,0,2,0,6.3,5.7,0.0,82,44,471,5
109,Ja'Marcus Bradley,UL-Laf,0,0,4,7,12,0,7,5,5,0,3,12,10,7,6,0,0,0,0,0,6.8,5.9,0.0,81,39,475,2
110,Willie Wright,FlaAtl,0,0,0,0,9,5,4,0,10,9,5,3,6,11,5,0,0,8,0,0,6.7,8.2,0.0,80,56,657,6
111,Juwan Johnson,PSU,0,0,4,2,11,7,8,0,3,5,7,6,6,8,0,0,0,0,7,0,6.2,8.8,0.0,80,54,701,1
112,Ike Lewis,App,0,0,4,6,22,0,6,14,20,14,20,8,0,16,8,0,0,14,0,0,6.2,9.2,0.0,80,51,733,8
113,Isaiah Lewis,App,0,0,4,6,22,0,6,14,20,14,20,8,0,16,8,0,0,14,0,0,6.2,9.2,0.0,80,51,733,8
114,Jalen Guyton,NorTx,0,0,4,4,9,18,0,10,0,10,8,4,4,0,2,0,2,0,0,0,6.7,9.7,0.0,80,49,775,9
115,Ben Skowronek,NW,0,0,2,4,0,7,8,6,7,7,8,14,3,2,0,0,0,0,4,0,6.2,8.1,0.0,80,45,644,5
116,Devin Ross,Colo,0,0,6,11,5,8,0,0,13,6,12,11,0,2,0,0,0,0,0,0,8.0,6.4,0.0,80,43,508,2
117,DaMarkus Lodge,Miss,0,0,9,8,0,6,5,6,8,5,9,3,8,7,0,0,0,0,0,0,6.7,8.7,0.0,80,41,698,7
118,Tabari Hines,Wake,0,0,1,6,0,2,2,0,4,3,9,11,11,10,0,0,0,0,14,0,6.6,8.6,0.0,79,53,683,7
119,Quay Johnson,ECU,0,0,8,4,8,7,7,7,6,0,20,5,0,0,0,0,0,0,0,0,7.9,5.9,0.0,79,47,464,3
120,C.J. Duncan,Vandy,0,0,4,7,3,8,4,9,0,12,2,8,9,8,0,0,0,0,0,0,6.5,6.6,0.0,78,52,517,5
121,Deondre Douglas,Troy,0,0,5,10,10,7,0,8,6,3,4,5,0,5,11,0,0,0,0,0,6.5,8.1,0.0,78,48,628,4
122,Corey Willis,CentMi,0,0,11,0,0,0,0,4,6,0,9,7,8,8,0,0,0,10,0,0,8.7,8.6,0.0,78,45,669,9
123,Jester Weah,Pitt,0,0,10,0,3,6,7,12,6,4,0,2,13,11,0,0,0,0,0,0,7.1,8.9,0.0,78,41,698,4
124,Tyler Vaughns,USC,0,0,0,5,4,7,7,10,9,8,5,7,3,0,3,0,0,0,7,0,5.9,10.5,0.0,77,57,809,5
125,Scotty Washington,Wake,0,0,0,1,6,5,8,0,4,7,11,11,6,6,0,0,0,0,11,0,6.4,9.2,0.0,77,45,711,3
126,Trent Irwin,Stan,0,0,9,8,4,5,4,5,0,9,6,7,8,3,2,0,0,0,4,0,5.5,6.0,0.0,77,43,461,2
127,Adonis Jennings,Temple,0,0,5,4,4,6,4,13,6,0,8,4,8,5,0,0,0,6,0,0,5.9,9.6,0.0,77,42,742,7
128,Nyqwan Murray,FlaSt,0,0,0,0,11,4,5,7,7,7,6,8,7,5,4,0,0,0,0,0,6.4,7.8,0.0,77,40,604,4
129,DK Metcalf,Miss,0,0,10,6,0,8,9,6,5,7,6,4,1,4,0,0,0,0,0,0,6.4,8.4,0.0,77,39,646,7
130,Equanimeous St. Brown,ND,0,0,8,9,6,4,4,0,7,3,8,7,0,9,0,0,0,0,4,0,6.4,6.7,0.0,77,33,515,4
131,JJ Arcega-Whiteside,Stan,0,0,5,0,6,7,0,9,0,5,5,10,10,9,4,0,0,0,6,0,6.9,10.3,0.0,76,48,781,9
132,Dez Fitzpatrick,Lou,0,0,4,5,3,6,17,11,3,8,0,3,5,4,0,0,0,0,0,0,6.3,9.2,0.0,76,45,699,9
133,Johnathon Johnson,Missou,0,0,4,4,12,0,12,4,3,8,4,4,5,5,0,0,0,0,5,0,5.8,9.5,0.0,76,41,724,6
134,K.J. Hill,OhioSt,0,0,10,9,4,3,4,7,0,14,5,3,6,2,5,0,0,0,1,0,5.4,7.3,0.0,75,56,549,3
135,Trent Sherfield,Vandy,0,0,4,5,2,8,7,4,0,6,5,14,9,6,0,0,0,0,0,0,6.3,9.7,0.0,75,50,729,5
136,Antoine Porter,EastMi,0,0,13,0,6,9,6,2,13,6,5,3,3,6,0,0,0,0,0,0,6.3,7.3,0.0,75,46,548,4
137,Teo Redding,BGSU,0,0,10,8,5,5,10,4,0,0,5,9,9,5,0,0,0,0,0,0,6.8,8.3,0.0,75,45,624,8
138,Darius Slayton,Auburn,0,0,0,0,0,2,4,9,9,0,4,4,8,7,7,0,0,0,12,0,6.8,8.6,0.0,75,29,643,5
139,Greg Dortch,Wake,0,0,8,7,10,14,9,0,11,10,0,0,0,0,0,0,0,0,0,0,9.3,9.8,0.0,74,53,722,9
140,Flynn Nagel,NW,0,0,6,4,0,7,4,8,4,9,6,8,3,7,0,0,0,0,2,0,5.7,6.6,0.0,74,48,489,2
141,Keith Kirkwood,Temple,0,0,6,4,0,4,7,6,4,0,8,4,7,6,0,0,0,7,0,0,6.2,9.1,0.0,74,45,671,7
142,Keenen Johnson,Tulsa,0,0,6,7,7,0,8,8,6,5,10,0,4,0,0,0,0,0,0,0,7.4,7.3,0.0,74,44,539,1
143,Malcolm Williams,CoastC,0,0,0,1,9,12,8,7,4,1,12,5,5,0,9,0,0,0,0,0,6.2,10.7,0.0,74,43,793,7
144,Ammon Barker,Hawaii,0,0,3,0,10,14,2,6,0,5,10,6,5,7,0,0,0,0,0,0,6.7,5.4,0.0,74,39,398,1
145,Datrin Guyton,BGSU,0,0,26,14,14,18,0,0,8,0,4,14,14,14,0,0,0,0,0,0,6.7,7.9,0.0,74,31,585,2
146,Datrin Guyton,BGSU,0,0,26,14,14,18,0,0,8,0,4,14,14,14,0,0,0,0,0,0,6.7,7.9,0.0,74,31,585,2
147,Cameron Batson,TxTch,0,0,0,7,8,8,3,3,12,3,8,4,3,2,0,0,0,6,0,0,5.6,6.7,0.0,73,59,487,5
148,Brandon Powell,Fla,0,0,0,4,7,4,6,5,0,2,9,6,9,14,0,0,0,0,0,0,6.6,5.6,0.0,73,42,406,3
149,Hakeem Butler,IaSt,0,0,8,4,0,10,3,4,3,5,5,7,2,3,0,0,0,0,10,0,5.6,9.5,0.0,73,41,697,7
150,Devonte Boyd,UNLV,0,0,6,0,7,8,10,8,0,6,6,6,4,3,0,0,0,0,0,0,6.6,8.4,0.0,73,34,612,3
151,Justin McInnis,ArkSt,0,0,0,3,4,0,2,4,9,8,0,4,1,9,9,0,13,0,0,0,6.0,11.1,0.0,72,49,800,4
152,Javon Wims,UGa,0,0,4,1,3,5,2,8,0,1,6,7,9,6,0,0,0,0,9,6,5.1,10.0,0.0,72,45,720,7
153,A.J. Coney,Akron,0,0,2,8,7,6,9,4,5,10,0,6,1,3,5,0,0,3,0,0,5.1,7.7,0.0,72,43,551,3
154,Jon'Vea Johnson,Toledo,0,0,3,4,9,0,7,2,6,0,1,8,4,10,9,0,0,2,0,0,5.5,9.6,0.0,72,42,689,5
155,Josh Stewart,Tx-SA,0,0,8,3,3,0,11,5,9,7,5,6,11,4,0,0,0,0,0,0,6.5,7.2,0.0,72,39,518,3
156,Thomas Hennigan,App,0,0,3,7,10,0,10,6,9,5,7,2,0,0,5,0,0,2,0,0,5.9,8.2,0.0,71,45,585,7
157,Auden Tate,FlaSt,0,0,0,0,11,3,6,3,8,4,0,8,1,6,4,0,0,0,8,0,5.9,7.7,0.0,71,40,548,10
158,Tyler Johnson,Minn,0,0,4,5,0,6,6,12,5,12,5,6,0,0,0,0,0,0,0,0,7.1,9.5,0.0,71,35,677,7
159,OJ Clark,NMSt,0,0,6,0,2,7,7,4,0,14,7,0,5,3,0,0,0,0,7,0,5.8,7.1,0.0,70,47,500,3
160,Jackson Anthrop,Purdue,0,0,5,6,4,0,7,5,6,6,3,3,3,8,0,0,0,0,5,0,5.4,6.0,0.0,70,47,423,5
161,Ryheem Malone,UL-Laf,0,0,10,6,0,0,5,6,1,0,0,5,16,9,5,0,0,0,0,0,6.4,9.7,0.0,70,44,676,4
162,Sam Harris,USA,0,0,4,2,4,9,0,2,9,13,7,7,8,0,0,0,0,0,0,0,6.4,8.1,0.0,70,41,570,2
163,DJ Chark,LSU,0,0,6,10,3,7,1,6,1,0,8,5,3,8,0,0,0,0,8,0,5.4,12.5,0.0,70,40,874,3
164,Andre Levrone,UVa,0,0,6,4,5,0,4,0,3,7,9,10,5,5,0,0,0,0,8,0,5.8,9.8,0.0,70,34,689,7
165,De'Mornay Pierson-El,Neb,0,0,7,11,4,5,4,5,0,8,7,3,8,5,0,0,0,0,0,0,5.8,9.0,0.0,69,45,623,5
166,Jordan Veasy,Cal,0,0,4,5,9,8,3,9,5,7,5,0,6,3,0,0,0,0,0,0,5.8,7.1,0.0,69,38,491,6
167,Kobay White,BC,0,0,10,8,4,4,8,0,4,5,0,6,4,3,0,0,0,0,5,0,5.8,6.1,0.0,69,34,423,2
168,Garrett Johnson,Kty,0,0,6,5,5,10,7,0,8,2,4,6,5,0,0,0,0,0,6,0,5.7,7.9,0.0,68,48,539,2
169,Gregory Phillips,Purdue,0,0,4,5,0,0,4,6,7,4,1,5,4,1,0,0,0,0,17,0,5.7,6.2,0.0,68,44,424,2
170,Kendrick Edwards,ArkSt,0,0,0,4,7,0,4,7,3,8,0,3,5,4,4,0,10,0,0,0,5.7,6.4,0.0,68,38,434,3
171,Kalija Lipscomb,Vandy,0,0,3,5,2,6,6,9,0,12,5,4,6,8,0,0,0,0,0,0,5.7,9.0,0.0,68,37,610,8
172,Andrew Meyer,Ohio,0,0,5,7,10,5,6,9,5,0,5,3,2,4,0,0,0,7,0,0,5.7,7.1,0.0,68,35,483,2
173,Anthony Ratliff-Williams,UNC,0,0,4,1,8,1,11,7,3,6,0,5,5,12,0,0,0,0,0,0,5.7,9.3,0.0,68,35,630,6
174,Glenn Smith,GaSt,0,0,0,3,8,0,4,1,8,5,8,8,0,6,7,0,4,0,0,0,5.6,5.6,0.0,67,47,377,1
175,CeeDee Lamb,Okla,0,0,7,4,5,0,2,5,3,12,3,5,3,5,0,0,0,0,10,0,5.2,12.0,0.0,67,46,807,7
176,Seth Dawkins,Lou,0,0,5,8,4,5,7,0,2,8,0,7,6,3,0,0,0,0,5,0,5.6,9.6,0.0,67,42,642,4
177,Steven Mitchell,USC,0,0,5,11,0,0,9,9,10,0,2,7,7,0,3,0,0,0,0,0,6.7,9.6,0.0,67,41,644,4
178,Olabisi Johnson,ColoSt,0,0,6,5,0,0,4,6,7,0,0,7,5,0,0,0,9,0,0,0,6.1,8.9,0.0,67,41,595,2
179,Malik Turner,Ill,0,0,8,8,0,6,9,7,5,7,5,0,0,6,0,0,0,0,0,0,6.7,4.9,0.0,67,31,326,0
180,Jalen McCleskey,OkSt,0,0,5,8,9,7,0,4,9,0,4,6,3,8,0,0,0,0,1,0,5.5,9.8,0.0,66,50,645,5
181,Damion Willis,Troy,0,0,9,5,3,4,0,4,7,3,5,3,0,3,0,0,14,0,0,0,5.5,9.4,0.0,66,42,620,3
182,Marcel Williams,Marsh,0,0,10,13,0,6,0,2,8,12,7,0,0,1,0,0,0,0,0,0,7.3,7.8,0.0,66,41,512,2
183,Anthony Mahoungou,Purdue,0,0,3,3,2,0,2,6,8,4,0,5,8,6,0,0,0,0,12,0,5.5,10.4,0.0,66,40,688,8
184,Terren Encalade,Tulane,0,0,6,2,8,0,2,4,5,6,3,5,10,12,0,0,0,0,0,0,5.5,11.1,0.0,66,39,730,4
185,Ricky Smalling,Ill,0,0,2,7,0,3,5,8,9,8,6,7,4,7,0,0,0,0,0,0,6.0,7.7,0.0,66,31,510,2
186,D'Wayne Eskridge,WestMi,0,0,9,8,2,4,8,9,6,0,6,7,2,2,0,0,0,0,0,0,5.5,7.7,0.0,66,30,506,3
187,Trent Bostick,CHAR,0,0,7,3,0,6,8,3,9,0,6,6,8,6,0,0,0,0,0,0,6.0,5.4,0.0,66,24,357,3
188,Ray-Ray McCloud,Clem,0,0,7,10,2,4,5,4,0,6,3,2,5,3,6,0,0,0,4,0,4.6,7.7,0.0,65,49,503,1
189,Dillon Mitchell,Oregon,0,0,8,6,8,1,0,0,3,2,5,0,9,7,0,0,13,0,0,0,5.9,8.0,0.0,65,42,517,4
190,D.J. Brown,NIU,0,0,8,6,0,6,2,5,4,10,4,0,0,7,0,0,0,0,7,0,5.0,5.6,0.0,65,42,365,3
191,Willie Johnson,Marsh,0,0,7,4,0,5,2,0,4,5,7,7,3,12,0,0,0,0,0,0,5.9,6.8,0.0,65,36,443,4
192,Papi White,Ohio,0,0,9,2,0,0,0,0,7,0,10,6,11,9,0,0,0,6,0,0,7.2,9.7,0.0,65,36,631,3
193,Melvin Vaughn,ODU,0,0,0,0,0,0,12,10,8,10,9,6,5,5,0,0,0,0,0,0,8.1,5.4,0.0,65,33,354,4
194,Travis Fulgham,ODU,0,0,9,11,8,0,6,2,3,3,5,7,6,5,0,0,0,0,0,0,5.9,6.1,0.0,65,30,394,1
195,Dredrick Snelson,UCF,0,0,0,0,5,5,3,0,6,7,4,5,3,4,11,0,0,0,6,0,5.3,10.9,0.0,64,46,695,8
196,Mikah Holder,SDSU,0,0,3,11,3,0,11,8,5,4,2,0,7,7,0,0,0,0,0,0,5.8,9.4,0.0,64,43,602,2
197,Sean Savoy,VaTech,0,0,5,6,2,5,12,0,5,3,7,5,6,0,0,0,0,0,1,0,5.3,7.1,0.0,64,39,454,4
198,Isaiah Harper,ODU,0,0,0,4,7,0,8,4,6,6,7,4,7,10,0,0,0,0,0,0,5.8,7.2,0.0,64,39,462,0
199,John Diarse,TCU,0,0,5,2,7,0,8,5,4,3,5,5,0,6,7,0,0,0,4,0,4.9,9.0,0.0,64,35,575,3
200,John Ursua,Hawaii,0,0,13,0,9,14,10,2,0,0,0,0,0,0,0,0,0,0,0,0,10.5,10.6,0.0,63,47,667,5
201,R.J. Turner,UL-Mon,0,0,0,0,5,0,7,9,5,8,7,0,6,6,8,0,0,0,0,0,6.3,11.0,0.0,63,38,693,6
202,Lil'Jordan Humphrey,Tex,0,0,0,3,0,4,6,7,1,7,10,6,7,4,0,0,0,0,0,0,5.7,6.8,0.0,63,37,431,1
203,Keenan Barnes,UL-Laf,0,0,6,14,10,0,3,6,7,0,4,6,0,0,2,0,0,0,0,0,6.3,8.6,0.0,63,37,539,2
204,Cody White,MSU,0,0,0,0,5,1,0,2,7,15,11,11,2,4,0,0,0,0,4,0,5.7,7.8,0.0,63,35,490,4
205,Byron Pringle,KanSt,0,0,0,8,0,3,2,7,4,4,8,7,5,2,0,0,0,0,6,0,5.3,11.5,0.0,63,30,724,6
206,C.J. Johnson,Wyo,0,0,8,6,0,4,0,1,3,4,6,4,3,10,0,0,0,4,0,0,5.3,8.4,0.0,63,30,531,7
207,Cameron Echols-Luper,WestKy,0,0,0,1,2,0,2,8,6,7,0,13,10,13,0,0,0,0,0,0,6.9,7.6,0.0,62,42,473,4
208,Tony Nicholson,Baylor,0,0,2,6,9,10,0,5,3,5,0,4,5,3,0,0,0,0,0,0,5.6,5.5,0.0,62,41,344,0
209,James Proche,SMU,0,0,4,3,6,4,8,0,1,6,11,3,9,4,0,0,0,0,0,0,5.2,13.2,0.0,62,40,816,6
210,Lucky Jackson,WestKy,0,0,8,5,12,0,6,0,1,0,9,0,6,2,0,0,5,0,0,0,6.2,9.7,0.0,62,39,600,3
211,Tony Ellison,Ari,0,0,7,0,8,0,1,3,3,3,8,1,13,2,0,0,0,0,7,0,4.8,9.6,0.0,62,37,598,5
212,Tony Pollard,Mem,0,0,0,3,1,4,4,7,13,6,3,0,2,1,7,0,0,0,7,0,4.8,8.6,0.0,62,36,536,4
213,Phil Mayhue,Mem,0,0,0,8,6,7,8,3,5,4,6,0,0,3,0,0,0,0,7,0,5.6,8.4,0.0,62,35,521,3
214,Marcus Simms,WVU,0,0,4,5,5,0,6,9,5,6,5,7,2,1,0,0,0,0,7,0,5.2,10.7,0.0,62,35,663,5
215,Chris Jones,CoastC,0,0,0,7,0,0,2,6,7,9,8,10,9,0,2,0,0,0,0,0,6.2,8.6,0.0,62,26,536,4
216,Shun Brown,Ari,0,0,9,3,5,0,7,4,2,1,12,0,8,3,0,0,0,0,6,0,4.7,9.4,0.0,61,43,573,6
217,Emanuel Thompson,Troy,0,0,5,9,6,5,0,12,3,5,2,4,0,5,0,0,0,0,0,0,5.5,6.9,0.0,61,38,420,0
218,Raelon Singleton,Utah,0,0,4,4,3,0,10,2,0,6,3,9,7,4,0,0,0,0,6,0,5.1,8.7,0.0,61,36,531,4
219,Jimmy Williams,ECU,0,0,15,5,0,11,9,0,0,0,7,4,4,1,0,0,0,0,0,0,6.8,7.3,0.0,61,32,447,3
220,Trever Ryen,IaSt,0,0,2,7,0,4,4,2,6,2,8,3,8,5,0,0,0,0,1,0,4.6,7.8,0.0,60,47,469,1
221,Rafael Araujo-Lopes,Pitt,0,0,6,7,3,7,8,11,7,2,0,0,4,3,0,0,0,0,0,0,5.5,8.9,0.0,60,43,531,2
222,Marchie Murdock,IaSt,0,0,6,1,0,6,2,3,7,5,7,8,0,6,0,0,0,0,5,0,5.0,8.6,0.0,60,41,513,5
223,Keishawn Watson,WestMi,0,0,6,1,6,6,8,9,9,0,0,3,6,0,0,0,0,0,0,0,6.0,6.2,0.0,60,41,374,7
224,Brendan O'Leary-Orange,Nevada,0,0,0,6,0,5,3,6,7,0,7,3,14,5,0,0,0,0,0,0,6.0,10.3,0.0,60,39,618,4
225,Johnathan Lloyd,Duke,0,0,5,4,6,13,7,1,0,3,0,5,5,5,0,0,0,0,3,0,5.0,6.1,0.0,60,39,367,1
226,Aleva Hifo,BYU,0,0,9,0,0,0,1,9,11,3,4,9,8,0,0,0,0,0,0,0,6.0,7.3,0.0,60,37,437,2
227,Jonathan Nance,Ark,0,0,3,0,5,8,10,4,7,6,4,7,3,0,0,0,0,0,0,0,5.5,9.0,0.0,60,37,539,5
228,Austin Wolf,Akron,0,0,0,0,8,4,6,0,7,4,0,6,10,3,7,0,0,5,0,0,6.0,7.9,0.0,60,33,476,5
229,Dillon Stoner,OkSt,0,0,5,6,5,1,0,0,2,4,7,6,9,4,0,0,0,0,6,0,4.9,9.8,0.0,59,44,576,6
230,Jared Murphy,Mia-O,0,0,4,3,2,6,7,4,3,0,5,6,5,7,0,0,0,0,0,0,4.9,7.3,0.0,59,38,430,2
231,Quin Jernighan,WestKy,0,0,7,0,0,0,0,5,10,6,7,6,4,6,0,0,4,0,0,0,5.9,6.7,0.0,59,36,393,3
232,Darnell Mooney,Tulane,0,0,2,3,5,0,0,3,3,6,9,8,4,12,0,0,0,0,0,0,5.4,10.2,0.0,59,34,599,4
233,Deon Stewart,Ark,0,0,4,0,0,4,8,9,3,4,7,3,2,11,0,0,0,0,0,0,5.4,6.8,0.0,59,33,404,3
234,Devin C. Butler,Syr,0,0,4,2,4,2,7,2,8,0,1,11,8,4,0,0,0,0,0,0,4.9,5.5,0.0,59,33,327,1
235,Richie James,MiddTn,0,0,13,3,0,0,0,17,12,0,0,0,0,0,0,0,0,0,0,0,11.8,4.9,0.0,59,31,290,3
236,Ventell Bryant,Temple,0,0,8,6,6,6,4,6,8,0,0,7,4,0,0,0,0,4,0,0,5.9,4.7,0.0,59,29,280,0
237,Devin Gray,Cin,0,0,9,2,11,5,6,1,4,0,5,5,4,2,0,0,0,0,0,0,4.9,7.5,0.0,59,28,444,3
238,Desmon White,TCU,0,0,8,5,6,0,4,5,1,3,5,0,2,5,6,0,0,0,5,0,4.5,7.3,0.0,58,41,423,5
239,Detrich Clark,ColoSt,0,0,9,3,0,2,5,6,0,0,2,5,5,0,0,0,8,0,0,0,5.3,8.7,0.0,58,41,504,6
240,Tyler Watts,TxSt,0,0,0,2,0,5,3,0,0,10,9,16,0,4,0,0,0,0,0,0,5.8,5.7,0.0,58,40,332,2
241,Quayvon Skanes,UConn,0,0,0,5,9,3,5,6,3,13,2,5,1,2,0,0,0,0,0,0,4.8,5.8,0.0,58,35,335,1
242,Kwadarrius Smith,Akron,0,0,6,3,6,4,4,6,6,0,0,7,5,0,8,0,0,0,0,0,5.3,12.5,0.0,58,34,726,7
243,Jalen Reagor,TCU,0,0,3,3,4,0,3,5,4,4,1,3,6,5,6,0,0,0,8,0,4.1,9.9,0.0,58,33,576,8
244,Jeff Smith,BC,0,0,10,4,10,3,5,3,3,2,0,2,3,1,0,0,0,0,4,0,4.5,5.1,0.0,58,25,296,0
245,Renard Bell,WashSt,0,0,7,2,6,4,6,4,2,8,2,6,0,4,0,0,0,0,4,0,4.4,9.4,0.0,57,40,538,3
246,Anthony Muse,NMSt,0,0,4,3,3,0,2,7,0,3,7,0,10,2,5,0,0,0,4,0,4.8,7.9,0.0,57,39,449,2
247,David Ungerer,Idaho,0,0,2,4,3,0,2,2,5,7,7,0,5,12,7,0,0,0,0,0,4.8,7.6,0.0,57,39,432,6
248,Stephen Louis,NCSU,0,0,5,6,3,6,8,0,0,5,10,5,0,0,0,0,0,0,3,0,5.7,10.2,0.0,57,37,583,2
249,Tyre McCants,USF,0,0,0,3,3,5,0,0,4,3,7,0,5,15,0,0,0,7,0,0,5.2,12.0,0.0,57,36,686,7
250,Brendan Cope,Ohio,0,0,3,5,7,9,11,3,0,0,9,3,4,0,0,0,0,0,0,0,5.7,8.7,0.0,57,35,494,4
251,Sadiq Palmer,UMass,0,0,6,9,4,10,0,0,0,5,0,2,8,0,2,0,0,0,0,0,5.7,9.1,0.0,57,35,518,1
252,Collin Lisa,UAB,0,0,3,3,8,0,4,5,5,4,2,1,0,10,0,0,0,6,0,0,4.8,7.7,0.0,57,33,439,1
253,Macan Wilson,NW,0,0,3,1,0,4,7,7,8,5,7,9,2,0,0,0,0,0,0,0,5.2,7.8,0.0,57,32,446,1
254,Damion Ratley,TexA&M,0,0,1,2,4,4,3,3,0,5,9,4,6,5,0,0,0,0,11,0,4.8,12.2,0.0,57,30,694,6
255,Matt VandeBerg,Iowa,0,0,7,5,6,5,3,0,5,4,4,3,7,3,0,0,0,0,2,0,4.4,6.7,0.0,57,28,384,2
256,Aaron Cephus,Rice,0,0,2,7,8,0,6,0,7,6,8,5,3,5,0,0,0,0,0,0,5.7,10.9,0.0,57,25,622,5
257,KaVontae Turpin,TCU,0,0,6,7,4,0,4,7,2,3,6,5,1,1,7,0,0,0,2,0,4.0,7.0,0.0,56,41,394,1
258,Brandon Johnson,Tenn,0,0,6,4,8,0,0,5,1,5,0,5,5,9,0,0,0,0,0,0,5.6,8.6,0.0,56,37,482,1
259,K.J. Osborn,Buff,0,0,2,2,4,1,11,3,2,8,0,6,7,5,0,0,0,0,0,0,4.7,8.8,0.0,56,35,493,4
260,Jamire Calvin,WashSt,0,0,4,10,6,4,2,6,4,8,4,3,0,2,0,0,0,0,1,0,4.3,5.4,0.0,56,33,300,3
261,Sean Modster,Boise,0,0,1,4,6,0,1,4,4,4,3,9,5,4,3,0,4,0,0,0,4.0,6.0,0.0,56,32,335,3
262,Omar Bayless,ArkSt,0,0,0,4,5,0,3,4,3,6,0,0,4,5,8,0,5,0,0,0,5.1,7.8,0.0,56,32,439,6
263,Chris Taylor,Duke,0,0,5,4,0,9,5,3,6,0,0,5,4,7,0,0,0,0,7,0,5.1,5.9,0.0,56,25,332,1
264,Van Jefferson,Miss,0,0,5,12,0,3,11,4,2,5,6,3,0,0,0,0,0,0,0,0,5.5,8.3,0.0,55,42,456,1
265,Reggie Hemphill-Mapps,Tex,0,0,5,3,0,1,16,6,3,0,3,0,3,5,0,0,0,0,2,0,4.6,7.3,0.0,55,37,402,0
266,Dezmon Patmon,WashSt,0,0,0,7,1,0,0,2,8,11,5,9,0,6,0,0,0,0,6,0,6.1,6.9,0.0,55,35,379,0
267,Kamathi Holsey,Buff,0,0,6,3,2,0,10,0,11,9,0,7,0,7,0,0,0,0,0,0,6.9,10.0,0.0,55,32,548,1
268,JaQuan Blackwell,SJSU,0,0,3,8,6,10,7,7,0,2,0,3,2,2,0,0,0,0,0,0,5.0,7.9,0.0,55,32,437,2
269,Darnell Salomon,USF,0,0,0,0,0,2,0,5,6,8,7,0,3,10,0,0,0,6,0,0,5.5,9.3,0.0,55,32,512,5
270,Mark Quattlebaum,CHAR,0,0,3,7,9,2,2,6,2,0,4,9,6,0,0,0,0,0,0,0,5.0,6.2,0.0,55,31,343,1
271,Riley Miller,BallSt,0,0,2,3,7,6,4,0,4,7,0,5,4,4,0,0,0,0,0,0,5.0,5.5,0.0,55,30,300,1
272,T.J. Vasher,TxTch,0,0,0,0,2,0,0,2,0,9,12,4,6,10,0,0,0,9,0,0,6.1,9.9,0.0,55,29,545,6
273,Micah Simon,BYU,0,0,0,4,0,4,4,5,6,7,7,3,5,6,0,0,0,0,0,0,4.6,7.0,0.0,55,27,386,3
274,Ahmmon Richards,Mia-Fl,0,0,0,0,0,5,12,0,11,8,6,0,4,9,0,0,0,0,0,0,7.9,8.0,0.0,55,24,439,3
275,Emanuel Hall,Missou,0,0,3,0,1,0,8,5,6,6,5,11,0,5,0,0,0,0,0,0,5.4,15.1,0.0,54,33,817,8
276,Kendal Keys,UNLV,0,0,5,0,4,1,5,4,7,9,5,6,5,3,0,0,0,0,0,0,4.9,4.8,0.0,54,27,260,3
277,Parris Campbell,OhioSt,0,0,5,7,3,4,7,3,0,1,0,3,3,3,3,0,0,0,2,0,4.1,11.0,0.0,53,40,584,3
278,Brandon Presley,UNLV,0,0,3,0,0,3,3,8,4,7,7,5,3,7,0,0,0,0,0,0,4.4,10.4,0.0,53,34,552,3
279,Rhashid Bonnette,LaTech,0,0,0,8,7,1,0,0,3,0,8,11,4,7,0,0,0,1,0,0,5.3,11.0,0.0,53,33,582,2
280,Johnathan Boone,NMSt,0,0,5,4,5,5,8,0,0,0,8,0,0,3,7,0,0,0,8,0,5.9,7.5,0.0,53,31,399,1
281,Terry Godwin,UGa,0,0,4,5,3,4,2,4,0,0,5,6,1,0,5,0,0,0,6,6,4.0,12.3,0.0,52,38,639,6
282,Turner Smiley,NorTx,0,0,7,5,1,3,0,0,3,2,5,0,5,7,4,0,10,0,0,0,4.7,12.0,0.0,52,35,623,5
283,A.J. Richardson,Boise,0,0,4,1,11,0,3,0,0,5,5,5,6,4,4,0,0,0,0,0,4.7,9.5,0.0,52,33,494,2
284,Isaiah Hodgins,OreSt,0,0,11,6,0,0,4,3,0,1,2,8,0,7,0,0,0,0,0,0,4.7,5.3,0.0,52,31,275,2
285,Ricky Jeune,GaTech,0,0,3,0,3,7,0,4,5,6,9,4,4,3,0,0,0,0,0,0,4.7,10.5,0.0,52,25,545,6
286,Isaiah Jones,SouMis,0,0,2,5,0,6,0,6,6,5,7,6,2,3,0,0,0,0,1,0,4.3,3.7,0.0,52,22,191,0
287,Tony Gaiter,FIU,0,0,9,0,6,3,0,5,0,0,2,7,3,2,6,0,0,6,0,0,4.3,6.2,0.0,51,34,314,1
288,Tamir Jones,GaSt,0,0,0,4,5,0,2,3,9,3,3,7,0,1,10,0,4,0,0,0,4.6,7.8,0.0,51,33,396,0
289,Jaelon Darden,NorTx,0,0,10,5,0,0,0,7,6,1,6,5,2,3,5,0,0,0,0,0,3.9,5.5,0.0,51,32,281,3
290,Darren Woods,UNLV,0,0,0,0,4,1,2,2,9,2,5,9,10,5,0,0,0,0,0,0,4.3,7.2,0.0,51,30,366,0
291,Thomas Geddis,Cin,0,0,3,7,5,4,3,5,3,0,3,5,0,7,0,0,0,0,0,0,4.6,7.6,0.0,51,29,388,3
292,Patrick Smith,MiddTn,0,0,4,6,0,8,5,2,2,0,4,7,7,0,0,0,0,0,0,0,5.1,6.5,0.0,51,29,329,2
293,Eric Kumah,VaTech,0,0,0,0,2,3,5,0,3,5,2,10,9,2,0,0,0,0,10,0,5.1,6.4,0.0,51,28,324,2
294,Jamire Jordan,Fres,0,0,5,0,0,3,2,7,2,1,4,4,2,8,3,0,0,7,0,0,3.9,11.0,0.0,51,27,562,3
295,Donovan Peoples-Jones,Mich,0,0,2,2,2,0,5,5,6,2,3,2,8,2,0,0,0,0,11,0,3.9,5.4,0.0,51,22,277,0
296,Tevaris McCormick,Troy,0,0,5,4,4,4,0,2,5,0,2,5,0,2,6,0,5,0,0,0,4.1,8.6,0.0,49,37,421,3
297,Kamrin Solomon,FlaAtl,0,0,0,8,2,5,6,0,6,3,3,4,0,2,5,0,0,5,0,0,4.5,7.9,0.0,49,33,388,1
298,Pooh Stricklin,Baylor,0,0,0,1,8,13,0,7,3,0,0,12,2,0,0,0,0,0,0,0,6.1,8.4,0.0,49,32,414,1
299,OrTre Smith,SCar,0,0,0,2,3,4,4,4,0,5,8,7,7,5,0,0,0,0,0,0,4.9,6.7,0.0,49,30,326,3
300,Dijon Paschal,ArkSt,0,0,0,5,0,0,0,6,2,3,0,9,3,4,5,0,5,0,0,0,4.9,6.0,0.0,49,24,295,1
301,A.J. Taylor,Wisc,0,0,1,3,0,1,3,2,4,1,5,3,3,3,4,0,0,0,10,0,3.4,9.9,0.0,48,31,475,5
302,Tavin Richardson,Kty,0,0,3,3,6,2,4,0,2,6,3,0,6,4,0,0,0,0,6,0,4.0,7.7,0.0,48,27,371,1
303,Keith Gavin,FlaSt,0,0,0,0,6,3,5,0,0,0,6,5,4,3,1,0,0,0,5,0,4.8,5.8,0.0,48,27,278,0
304,Talon Shumway,BYU,0,0,6,6,0,4,1,0,0,3,4,2,8,2,0,0,0,0,0,0,4.4,5.4,0.0,48,25,257,0
305,James Price,Wyo,0,0,0,0,3,5,0,5,3,8,3,3,10,5,0,0,0,3,0,0,4.8,5.9,0.0,48,20,282,1
306,Kerry Thomas,Tx-SA,0,0,4,5,6,0,3,0,0,2,5,6,12,4,0,0,0,0,0,0,5.2,9.6,0.0,47,35,453,4
307,Tay Martin,WashSt,0,0,1,3,2,3,0,0,7,7,5,4,0,5,0,0,0,0,9,0,4.3,7.8,0.0,47,31,366,6
308,Terry McLaurin,OhioSt,0,0,5,5,4,7,5,2,0,2,4,0,4,1,4,0,0,0,2,0,3.6,9.3,0.0,47,29,436,6
309,Xavier Lane,WestKy,0,0,3,10,10,0,8,2,4,0,6,0,0,0,0,0,4,0,0,0,5.9,7.1,0.0,47,27,336,0
310,Workpeh Kofa,CHAR,0,0,0,6,5,5,8,0,5,0,3,5,0,6,0,0,0,0,0,0,5.2,7.3,0.0,47,25,343,1
311,Charles Nelson,Oregon,0,0,11,2,0,0,0,0,6,3,5,0,6,4,0,0,4,0,0,0,4.6,8.8,0.0,46,32,404,1
312,Chase Claypool,ND,0,0,0,2,4,2,6,0,2,4,13,5,3,4,0,0,0,0,0,0,4.2,8.7,0.0,46,29,402,2
313,Chad Beebe,NIU,0,0,5,0,0,0,0,2,8,4,7,4,2,3,0,0,0,0,0,0,5.1,9.1,0.0,46,28,417,1
314,Jordan Cunningham,UNC,0,0,3,5,4,5,6,0,5,1,0,2,3,5,0,0,0,0,0,0,4.2,6.7,0.0,46,26,307,1
315,Grant Perry,Mich,0,0,6,4,6,0,7,0,8,2,0,0,4,3,0,0,0,0,0,0,5.1,6.7,0.0,46,25,307,1
316,Donald Gray,MissSt,0,0,6,6,9,5,0,6,8,2,0,0,0,0,0,0,0,0,0,0,5.8,4.7,0.0,46,24,214,3
317,Terry Juniel,UTEP,0,0,4,8,1,2,0,6,0,3,4,8,4,4,0,0,0,0,0,0,3.8,4.9,0.0,46,23,224,0
318,Jordan Jones,Ark,0,0,0,0,2,5,7,8,3,4,2,6,4,4,0,0,0,0,0,0,4.2,8.7,0.0,46,21,401,3
319,Tyler Batson,UTEP,0,0,3,3,8,5,3,4,0,5,0,5,3,5,0,0,0,0,0,0,4.2,8.0,0.0,46,21,370,2
320,Whop Philyor,Ind,0,0,0,0,1,1,4,6,2,14,9,2,4,2,0,0,0,0,0,0,4.5,7.4,0.0,45,33,335,3
321,Jessie Britt,UMass,0,0,3,5,2,7,0,0,7,0,2,5,3,0,7,0,0,0,0,0,3.8,9.4,0.0,45,29,422,3
322,Shi Smith,SCar,0,0,4,2,5,7,3,1,0,6,3,1,3,0,0,0,0,0,6,0,3.8,9.1,0.0,45,29,409,3
323,Aaron Fuller,Wash,0,0,0,5,0,2,3,3,0,0,5,7,4,4,0,0,0,0,10,0,4.5,6.5,0.0,45,26,291,1
324,Gregory Hogan,NMSt,0,0,0,6,0,0,5,8,0,5,5,0,2,5,2,0,0,0,2,0,4.5,6.0,0.0,45,26,272,1
325,Justin Holmes,SJSU,0,0,2,0,2,4,4,4,0,2,7,2,3,2,0,0,0,0,0,0,4.1,6.0,0.0,45,26,270,2
326,Sam Martin,Mia-O,0,0,1,7,4,7,0,0,4,0,7,2,4,5,0,0,0,0,0,0,4.5,8.0,0.0,45,25,359,3
327,CJ Windham,MiddTn,0,0,3,8,2,10,1,3,1,0,0,2,3,5,0,0,5,0,0,0,3.8,7.8,0.0,45,25,351,1
328,Jonah Trinnaman,BYU,0,0,1,2,0,5,5,2,5,3,9,0,3,5,0,0,0,0,0,0,3.8,6.8,0.0,45,24,305,0
329,Keyion Dixon,UConn,0,0,0,3,5,5,4,2,3,0,1,3,3,9,0,0,0,0,0,0,4.0,8.2,0.0,44,33,360,1
330,Armanti Foreman,Tex,0,0,8,7,0,3,0,0,0,3,6,1,0,7,0,0,0,0,4,0,4.9,6.4,0.0,44,31,280,4
331,Jordan Villamin,OreSt,0,0,4,7,0,5,5,4,0,4,0,4,0,0,0,0,0,0,0,0,4.9,8.1,0.0,44,30,356,1
332,Terry Wright,Purdue,0,0,2,2,9,0,4,0,4,4,2,9,4,4,0,0,0,0,0,0,4.4,6.2,0.0,44,29,274,0
333,Ronnie Turner,UAB,0,0,0,2,5,0,8,9,5,0,0,3,3,0,0,0,0,8,0,0,4.9,6.0,0.0,44,28,262,1
334,Evan Fairs,Kansas,0,0,2,4,2,0,0,0,0,4,2,14,11,4,0,0,0,0,0,0,4.9,7.6,0.0,44,24,335,1
335,Jeremiah Booker,Kansas,0,0,9,7,6,0,6,0,0,8,0,1,0,0,0,0,0,0,0,0,6.3,6.5,0.0,44,22,287,2
336,Jay Griffin,NM,0,0,8,0,2,3,0,4,1,3,6,5,1,7,0,0,0,0,0,0,3.6,9.1,0.0,43,29,393,4
337,Brady Jones,Tx-SA,0,0,1,3,4,0,3,3,5,3,4,9,5,3,0,0,0,0,0,0,3.9,7.6,0.0,43,26,325,2
338,Danny Davis,Wisc,0,0,2,3,0,5,0,4,0,0,2,5,4,6,6,0,0,0,6,0,4.3,9.7,0.0,43,26,418,5
339,Tre Walker,SJSU,0,0,0,2,0,14,3,5,0,6,4,3,5,0,0,0,0,0,0,0,4.8,6.7,0.0,43,26,288,1
340,Jordan Nathan,UtahSt,0,0,7,5,7,1,1,2,4,4,3,0,2,1,0,0,0,0,0,0,3.3,7.5,0.0,43,25,324,2
341,Danzel McKinley-Lewis,Toledo,0,0,0,2,11,0,4,2,2,1,5,4,1,2,5,0,0,1,0,0,3.3,7.4,0.0,43,23,319,3
342,Quez Watkins,SouMis,0,0,4,4,0,0,5,3,4,1,4,2,5,4,0,0,0,0,0,0,3.9,7.8,0.0,43,23,337,2
343,Izaiah Lottie,NMSt,0,0,8,5,4,1,3,0,0,0,0,0,0,10,10,0,0,0,2,0,5.4,7.3,0.0,43,20,312,4
344,Tyraiq Beals,UConn,0,0,0,5,1,3,4,2,6,5,0,4,3,4,0,0,0,0,0,0,3.8,6.3,0.0,42,30,266,0
345,Eric Cooper,CentMi,0,0,2,5,7,4,2,5,2,0,2,0,0,7,0,0,0,6,0,0,4.2,6.8,0.0,42,29,285,2
346,Deshaunte Jones,IaSt,0,0,4,4,0,3,2,3,5,4,2,5,3,2,0,0,0,0,4,0,3.2,6.5,0.0,42,28,273,0
347,Jay MacIntyre,Colo,0,0,4,7,0,6,4,0,1,5,4,5,0,5,0,0,0,0,0,0,4.2,9.4,0.0,42,28,396,2
348,Johnnie Niupalau,EastMi,0,0,2,0,7,3,2,0,6,7,5,5,0,0,0,0,0,0,0,0,4.7,8.8,0.0,42,27,368,4
349,Gabriel Davis,UCF,0,0,0,0,0,0,3,2,5,0,5,10,3,4,1,0,0,0,4,0,4.2,9.3,0.0,42,27,391,4
350,Mathew Sexton,EastMi,0,0,1,0,4,2,6,7,2,4,1,6,5,1,0,0,0,0,0,0,3.5,8.5,0.0,42,26,357,2
351,Timmy Hernandez,OreSt,0,0,0,2,0,0,1,11,0,6,3,6,0,6,0,0,0,0,0,0,3.7,8.7,0.0,41,30,357,3
352,Demari Simpkins,Utah,0,0,1,4,1,0,2,5,3,4,2,8,2,4,0,0,0,0,2,0,3.2,8.6,0.0,41,29,354,1
353,DeAndre Thompkins,PSU,0,0,1,4,4,2,7,0,0,3,9,0,2,3,0,0,0,0,3,0,3.2,10.8,0.0,41,28,443,3
354,Jesse Jackson,MissSt,0,0,1,1,3,5,0,2,3,5,8,0,3,5,0,0,0,0,3,0,3.4,6.7,0.0,41,27,276,0
355,Will Hastings,Auburn,0,0,3,3,3,1,3,7,2,0,3,0,1,2,0,0,0,0,8,0,3.4,12.8,0.0,41,26,525,4
356,Binjimen Victor,OhioSt,0,0,4,3,3,4,5,7,0,0,0,5,6,0,0,0,0,0,0,0,4.6,8.5,0.0,41,23,349,7
357,Deddrick Thomas,MissSt,0,0,3,3,4,0,0,5,1,0,5,3,1,7,0,0,0,0,4,0,3.7,5.5,0.0,41,22,227,4
358,Brennon Dingle,UMass,0,0,0,3,0,8,0,0,6,1,2,7,5,0,4,0,0,0,0,0,4.1,8.0,0.0,41,21,330,4
359,Cameron Odom,Ohio,0,0,7,3,5,3,5,5,4,0,0,0,0,5,0,0,0,0,0,0,4.6,7.5,0.0,41,20,308,3
360,Connor Wedington,Stan,0,0,3,2,2,3,2,3,0,4,3,3,0,1,3,0,0,0,4,0,3.1,6.1,0.0,40,31,243,0
361,Cody Thompson,Toledo,0,0,9,11,10,0,1,0,0,0,0,0,0,0,0,0,0,0,0,0,8.0,13.4,0.0,40,28,537,4
362,Mikey Dudek,Ill,0,0,11,7,0,3,5,5,0,4,0,0,0,0,0,0,0,0,0,0,5.7,6.6,0.0,40,24,262,1
363,Kalib Woods,FlaAtl,0,0,0,0,0,0,0,0,0,0,3,4,10,3,14,0,0,6,0,0,6.7,15.5,0.0,40,24,619,4
364,Ky'Jon Tyler,CoastC,0,0,0,1,1,2,6,4,8,6,1,1,0,0,2,0,0,0,0,0,3.6,7.8,0.0,40,23,313,2
365,Jordan McCray,USA,0,0,4,0,2,0,0,0,5,5,2,9,6,0,5,0,0,0,0,0,4.4,6.8,0.0,40,22,270,1
366,Bailey Gaither,SJSU,0,0,6,13,5,0,0,0,0,1,0,0,0,0,0,0,0,0,0,0,5.7,8.0,0.0,40,22,320,4
367,Xavier Brown,UL-Mon,0,0,0,4,3,3,2,3,0,0,4,0,5,3,5,0,0,0,0,0,4.0,5.7,0.0,40,21,228,2
368,Russell Gage,LSU,0,0,3,4,3,5,1,7,2,0,3,0,1,5,0,0,0,0,4,0,3.1,7.1,0.0,40,21,285,3
369,Quintez Cephus,Wisc,0,0,4,5,0,7,4,5,4,4,3,0,0,0,0,0,0,0,0,0,3.9,12.8,0.0,39,30,501,6
370,Taysir Mack,Ind,0,0,0,0,0,3,8,0,0,0,0,8,4,12,0,0,0,0,0,0,6.5,7.9,0.0,39,23,310,3
371,Austin Maloney,FIU,0,0,1,0,2,4,0,0,0,2,4,7,2,4,3,0,0,4,0,0,3.5,7.8,0.0,39,21,304,0
372,Kevin Stepherson,ND,0,0,0,0,0,3,0,0,3,4,4,8,8,9,0,0,0,0,0,0,5.6,9.2,0.0,39,19,359,5
373,Shawn Poindexter,Ari,0,0,8,2,3,0,1,0,3,4,2,0,6,3,0,0,0,0,7,0,3.5,7.5,0.0,39,19,294,1
374,Trey Harrell,KentSt,0,0,2,2,0,11,3,4,3,0,2,5,5,2,0,0,0,0,0,0,3.9,8.3,0.0,39,17,324,1
375,Samson Nacua,Utah,0,0,5,11,3,0,3,0,2,3,0,7,0,1,0,0,0,0,1,0,3.8,7.7,0.0,38,29,294,1
376,Greg Campbell,Tx-SA,0,0,2,3,2,0,13,6,0,7,2,2,0,1,0,0,0,0,0,0,3.8,7.9,0.0,38,27,300,0
377,Christian Booker,ArkSt,0,0,0,4,6,0,5,0,0,0,0,2,1,4,2,0,5,0,0,0,4.2,9.6,0.0,38,25,363,6
378,Maurice Ffrench,Pitt,0,0,3,3,5,4,3,4,2,3,0,3,4,0,0,0,0,0,0,0,3.5,7.2,0.0,38,25,272,0
379,Mecole Hardman,UGa,0,0,6,3,1,2,1,2,0,0,3,3,3,4,4,0,0,0,2,3,2.5,11.0,0.0,38,25,418,4
380,Austin Mack,OhioSt,0,0,2,6,3,1,5,3,0,6,0,2,0,2,0,0,0,0,4,0,3.5,9.0,0.0,38,24,343,2
381,Marquez Callaway,Tenn,0,0,1,9,1,0,0,5,5,3,3,0,3,4,0,0,0,0,0,0,3.8,10.7,0.0,38,24,406,5
382,Deondre Farrier,ECU,0,0,5,0,0,0,0,3,0,0,4,6,5,7,0,0,0,0,0,0,5.4,5.6,0.0,38,24,211,3
383,Tyrie Cleveland,Fla,0,0,0,7,6,5,0,0,0,2,3,3,4,2,0,0,0,0,0,0,4.2,10.8,0.0,38,22,410,2
384,Braelon Roberts,UtahSt,0,0,1,0,4,0,0,6,3,4,4,0,2,3,0,0,0,0,8,0,3.8,7.5,0.0,38,21,285,3
385,Chris Lacy,OkSt,0,0,7,0,0,3,0,3,5,2,4,3,4,3,0,0,0,0,1,0,3.5,6.9,0.0,38,20,264,0
386,Joshua Hammond,Fla,0,0,0,5,0,0,4,4,0,0,3,6,5,7,0,0,0,0,0,0,4.8,6.5,0.0,38,18,246,0
387,Antwan Davis,BallSt,0,0,6,5,6,0,5,0,6,4,0,0,0,0,0,0,0,0,0,0,5.4,4.6,0.0,38,17,176,0
388,Kekoa Crawford,Mich,0,0,5,4,3,0,2,3,1,0,0,0,0,4,0,0,0,0,10,0,4.2,6.4,0.0,38,17,243,1
389,Kavika Johnson,UTEP,0,0,8,6,8,0,2,5,0,0,0,2,3,2,0,0,0,0,0,0,4.2,4.3,0.0,38,14,163,2
390,Eli Stove,Auburn,0,0,2,5,1,2,3,2,3,0,5,4,3,1,2,0,0,0,1,0,2.6,7.2,0.0,37,29,265,0
391,Marlon Watts,LaTech,0,0,0,3,5,6,3,0,7,7,0,2,0,0,0,0,0,0,0,0,4.6,8.6,0.0,37,22,319,0
392,Traveon Samuel,Lou,0,0,5,3,2,4,4,2,1,5,0,1,2,2,0,0,0,0,0,0,3.1,9.2,0.0,37,21,339,0
393,Riley Lees,NW,0,0,4,1,0,4,3,7,3,5,3,2,0,1,0,0,0,0,2,0,2.8,6.4,0.0,37,18,235,2
394,Jeff Thomas,Mia-Fl,0,0,0,0,1,1,2,3,3,6,4,2,4,2,5,0,0,0,2,0,2.8,10.1,0.0,37,17,374,2
395,Ryan Schadler,Kansas,0,0,9,1,3,0,1,5,1,1,5,1,0,4,0,0,0,0,0,0,3.0,5.0,0.0,36,21,181,0
396,Saeed Blacknall,PSU,0,0,0,5,5,2,6,0,1,2,3,4,3,4,0,0,0,0,1,0,3.0,8.0,0.0,36,17,289,2
397,Chris Platt,Baylor,0,0,10,12,6,0,0,0,0,0,0,0,0,0,0,0,0,0,0,0,9.0,11.1,0.0,36,16,401,5
398,T.L. Ford,CHAR,0,0,0,6,6,0,0,3,4,0,0,0,5,4,0,0,0,0,0,0,5.1,5.9,0.0,36,15,211,2
399,Mike Carrigan,KentSt,0,0,1,4,1,0,1,5,1,0,7,3,8,5,0,0,0,0,0,0,3.3,7.8,0.0,36,14,281,2
400,Jeff Badet,Okla,0,0,7,2,2,0,3,2,6,1,1,0,5,1,0,0,0,0,1,0,2.5,11.4,0.0,35,26,400,3
401,Marcus Armstrong-Brown,Hawaii,0,0,5,0,2,5,3,3,0,9,4,0,0,1,0,0,0,0,0,0,3.9,5.3,0.0,35,24,184,1
402,John Johnson,Troy,0,0,2,1,2,2,0,0,1,1,3,2,0,5,5,0,8,0,0,0,2.9,8.2,0.0,35,23,287,2
403,Michael Pittman,USC,0,0,0,0,0,0,2,3,0,4,3,6,1,0,9,0,0,0,7,0,3.9,11.5,0.0,35,23,404,2
404,Julian Williams,FIU,0,0,10,0,2,3,4,0,0,0,0,0,0,0,0,0,0,7,0,0,5.0,8.8,0.0,35,22,307,1
405,Austin Proehl,UNC,0,0,9,7,1,0,0,0,0,0,0,0,6,7,0,0,0,0,0,0,5.8,9.6,0.0,35,21,337,1
406,Malik Henry,GaSo,0,0,4,0,0,0,0,0,4,1,9,8,3,0,6,0,0,0,0,0,5.0,7.7,0.0,35,20,268,1
407,Jerrod Heard,Tex,0,0,0,0,0,3,8,3,5,0,0,0,3,7,0,0,0,0,4,0,3.2,4.5,0.0,35,20,156,1
408,Tyrell Johnson,Ari,0,0,2,5,6,0,2,1,0,2,2,3,3,5,0,0,0,0,3,0,2.6,8.9,0.0,34,22,301,1
409,Ihmir Smith-Marsette,Iowa,0,0,6,1,3,1,4,0,4,3,4,0,4,4,0,0,0,0,0,0,3.1,5.5,0.0,34,18,187,2
410,Bryce Singleton,FIU,0,0,2,0,2,0,4,3,0,0,0,2,8,4,7,0,0,1,0,0,2.8,6.7,0.0,34,17,228,3
411,Reggie Todd,MissSt,0,0,0,0,0,4,0,0,0,4,4,5,6,4,0,0,0,0,3,0,3.8,4.7,0.0,34,14,160,1
412,Dalton Schoen,KanSt,0,0,4,0,0,1,7,6,1,2,6,5,0,0,0,0,0,0,0,0,3.7,14.2,0.0,33,23,470,3
413,Nigel Carter,Tulsa,0,0,1,0,3,5,2,2,2,5,5,0,5,0,0,0,0,0,0,0,3.0,8.7,0.0,33,22,287,1
414,Alex Bachman,Wake,0,0,2,0,0,0,0,0,0,2,10,2,3,7,0,0,0,0,6,0,3.7,11.1,0.0,33,21,365,3
415,Lorenzo Joe,Tex,0,0,4,6,0,2,0,2,1,5,2,5,1,2,0,0,0,0,3,0,3.0,7.5,0.0,33,20,246,1
416,Marcus Bennett,AF,0,0,0,0,0,4,7,0,4,0,1,6,4,4,0,0,0,0,0,0,4.1,12.1,0.0,33,19,398,3
417,Caleb Scott,Vandy,0,0,0,0,0,3,5,4,0,11,3,1,6,0,0,0,0,0,0,0,4.7,5.4,0.0,33,18,178,2
418,Delane Hart-Johnson,NM,0,0,8,3,0,2,0,5,0,3,0,3,0,3,0,0,0,0,0,0,4.1,9.4,0.0,33,15,310,1
419,Joe Reed,UVa,0,0,4,2,0,0,2,4,2,2,3,0,2,4,0,0,0,0,3,0,2.7,7.6,0.0,32,23,244,2
420,Quan Hampton,Kansas,0,0,11,8,0,0,3,3,3,0,0,0,0,0,0,0,0,0,0,0,5.3,4.5,0.0,32,21,145,0
421,Malik Dunner,BallSt,0,0,3,3,4,5,4,0,2,1,1,0,4,2,0,0,0,0,0,0,2.7,4.3,0.0,32,18,139,0
422,Dorian Leonard,Tex,0,0,1,2,0,2,4,0,7,6,5,1,0,0,0,0,0,0,0,0,3.6,4.6,0.0,32,18,147,0
423,Lawrence Cager,Mia-Fl,0,0,0,0,2,6,8,0,0,0,0,2,2,0,2,0,0,0,6,0,4.0,7.4,0.0,32,16,237,3
424,Andrew Celis,Nevada,0,0,0,0,0,3,1,5,6,0,2,1,7,6,0,0,0,0,0,0,3.9,6.3,0.0,31,23,194,0
425,Obi Obialo,Marsh,0,0,0,0,0,0,1,1,1,4,0,5,7,9,0,0,3,0,0,0,3.9,7.7,0.0,31,19,238,0
426,Kayaune Ross,Kty,0,0,0,4,2,2,7,0,0,0,0,2,1,3,0,0,0,0,8,0,3.4,9.2,0.0,31,19,286,0
427,Johnnie Dixon,OhioSt,0,0,3,0,4,4,2,2,0,4,6,0,0,0,3,0,0,0,0,0,3.4,13.6,0.0,31,18,422,8
428,Adrian Hardy,LaTech,0,0,0,2,0,6,0,0,0,0,0,7,0,7,0,0,0,6,0,0,5.2,8.1,0.0,31,18,251,1
429,Jalen Virgil,App,0,0,4,3,3,0,0,2,6,4,1,0,0,1,2,0,0,3,0,0,2.7,12.1,0.0,30,20,364,3
430,Michael Walker,BC,0,0,4,3,3,1,2,1,2,0,0,0,0,2,0,0,0,0,0,0,2.3,5.6,0.0,30,19,168,1
431,Derrick Willies,TxTch,0,0,0,6,10,6,1,0,2,0,0,0,0,0,0,0,0,0,0,0,5.0,10.1,0.0,30,18,304,3
432,Dazz Newsome,UNC,0,0,3,0,0,0,0,3,4,8,0,8,2,2,0,0,0,0,0,0,3.8,7.6,0.0,30,18,227,0
433,Myles Campbell,GaSo,0,0,7,0,1,0,1,3,3,1,7,2,0,3,1,0,0,0,0,0,2.5,4.0,0.0,30,17,120,1
434,Antonio Nunn,Buff,0,0,1,3,3,0,6,3,10,0,0,0,2,0,0,0,0,0,0,0,3.3,10.0,0.0,30,15,301,1
435,Darrius Scott,FIU,0,0,0,0,4,0,0,0,0,3,2,6,3,2,4,0,0,5,0,0,3.6,10.3,0.0,29,21,298,2
436,Reuben Mwehla,Idaho,0,0,4,1,1,0,0,3,3,4,0,0,1,4,0,0,0,0,0,0,3.2,8.7,0.0,29,21,251,2
437,Johnny Johnson,Oregon,0,0,4,4,5,3,6,0,0,2,0,0,1,0,0,0,2,0,0,0,3.2,10.3,0.0,29,21,299,1
438,T.J. Watkins,App,0,0,0,1,3,0,0,4,4,3,5,0,0,4,5,0,0,0,0,0,3.6,10.2,0.0,29,21,295,1
439,Hunter Rison,MSU,0,0,1,0,4,0,1,2,5,2,6,4,0,0,0,0,0,0,2,0,2.4,7.7,0.0,29,19,224,0
440,Christian Pabico,UCLA,0,0,3,1,1,0,0,0,5,6,0,4,4,3,0,0,0,0,2,0,3.2,9.7,0.0,29,18,280,1
441,Todd Boyd,GaSt,0,0,0,3,2,0,0,3,3,3,0,4,0,3,5,0,0,0,0,0,3.2,6.7,0.0,29,16,195,0
442,Janarion Grant,Rut,0,0,12,4,0,0,0,3,2,2,0,2,0,0,0,0,0,0,0,0,4.1,5.8,0.0,29,16,167,1
443,Luke Mayock,Mia-O,0,0,0,8,3,0,7,4,0,0,0,3,4,0,0,0,0,0,0,0,4.8,7.4,0.0,29,14,215,1
444,Erik Brown,UTEP,0,0,0,0,0,0,4,4,0,10,4,3,2,2,0,0,0,0,0,0,4.1,5.2,0.0,29,12,151,0
445,John Leday,Hou,0,0,4,7,8,0,3,1,3,2,0,0,0,0,0,0,0,0,0,0,2.5,5.8,0.0,28,25,161,1
446,Dominique Heath,KanSt,0,0,4,0,0,0,4,0,1,0,5,2,3,4,0,0,0,0,5,0,3.1,7.0,0.0,28,22,196,1
447,Damonte Coxie,Mem,0,0,0,0,3,5,3,1,1,0,2,0,5,4,1,0,0,0,2,0,2.5,11.5,0.0,28,21,323,3
448,Malik Williams,App,0,0,3,6,5,0,2,3,1,0,1,2,0,0,2,0,0,0,0,0,2.5,6.1,0.0,28,19,172,0
449,Jared Sparks,Purdue,0,0,0,1,0,0,5,3,2,2,1,12,0,0,0,0,0,0,2,0,2.5,7.9,0.0,28,19,222,0
450,Temi Alaka,USF,0,0,0,2,2,0,0,1,1,4,6,0,4,1,0,0,0,0,0,0,2.8,8.6,0.0,28,16,241,2
451,Tahj Deans,ECU,0,0,0,0,0,0,0,2,0,0,5,0,10,6,0,0,0,0,0,0,5.6,6.3,0.0,28,16,177,2
452,Xavier Ubosi,UAB,0,0,7,0,0,0,0,0,0,3,2,0,2,3,0,0,0,8,0,0,4.0,8.1,0.0,28,13,228,1
453,Juwann Winfree,Colo,0,0,3,0,5,0,3,0,2,0,0,8,0,5,0,0,0,0,0,0,3.9,12.0,0.0,27,21,325,2
454,Jonathan Ifedi,GaSt,0,0,0,2,1,0,0,3,1,1,0,1,0,4,7,0,7,0,0,0,3.0,7.0,0.0,27,20,190,0
455,Tyron Johnson,OkSt,0,0,6,0,0,2,0,4,3,1,8,0,0,0,0,0,0,0,2,0,2.7,10.9,0.0,27,18,293,3
456,Camron Buckley,TexA&M,0,0,0,2,0,1,2,1,0,7,0,4,1,3,0,0,0,0,6,0,3.0,10.4,0.0,27,17,282,3
457,Marquez McNair,Tx-SA,0,0,0,0,1,0,6,2,2,0,0,7,6,3,0,0,0,0,0,0,3.9,6.6,0.0,27,16,177,2
458,Obe Fortune,GaSo,0,0,3,0,4,0,6,3,0,4,5,0,0,0,0,0,0,0,0,0,3.9,7.0,0.0,27,15,189,1
459,Robert Foster,Ala,0,0,4,2,4,5,2,0,0,0,2,1,2,2,0,0,0,0,0,3,2.7,6.4,0.0,27,14,174,1
460,Desmond Phillips,Toledo,0,0,1,3,0,0,0,3,3,1,2,2,0,2,3,0,0,5,0,0,2.3,3.7,0.0,27,12,101,2
461,Donald Stewart,Stan,0,0,0,2,0,3,5,4,0,2,0,1,1,1,0,0,0,0,0,0,3.0,4.9,0.0,27,11,131,0
462,Josh Palmer,Tenn,0,0,5,4,4,3,0,0,0,2,4,4,0,0,0,0,0,0,0,0,3.0,3.6,0.0,27,9,98,0
463,Tee Higgins,Clem,0,0,0,1,0,0,4,0,0,2,0,2,8,5,0,0,0,0,0,0,3.7,13.3,0.0,26,17,345,2
464,Jacob Martinez,Buff,0,0,0,1,4,1,1,6,0,0,0,5,0,1,0,0,0,0,0,0,2.9,9.3,0.0,26,17,241,1
465,Jabril Clewis,Tulane,0,0,0,2,2,0,1,3,5,4,6,0,3,0,0,0,0,0,0,0,3.3,6.7,0.0,26,16,174,0
466,Aaron Mathews,Pitt,0,0,2,6,6,4,0,6,0,0,0,0,0,1,0,0,0,0,0,0,3.7,7.3,0.0,26,16,189,0
467,Josh Stewart,Tulsa,0,0,3,3,3,3,0,2,4,0,0,0,0,0,0,0,0,0,0,0,3.3,6.2,0.0,26,13,162,0
468,Kendric Pryor,Wisc,0,0,0,0,0,0,0,1,3,5,1,1,2,5,3,0,0,0,5,0,2.9,6.9,0.0,26,13,179,1
469,Fransohn Bickley,Akron,0,0,0,6,0,0,0,3,4,2,0,0,0,0,0,0,0,5,0,0,4.3,6.0,0.0,26,12,155,1
470,Khalil Newton,BallSt,0,0,0,0,0,0,0,0,0,0,4,9,4,9,0,0,0,0,0,0,6.5,7.0,0.0,26,12,183,1
471,Janarvis Pough,BGSU,0,0,0,3,0,0,2,6,5,0,2,3,3,2,0,0,0,0,0,0,3.3,4.1,0.0,26,11,106,0
472,Jarrett Burgess,Purdue,0,0,0,0,0,0,0,0,0,0,5,13,7,1,0,0,0,0,0,0,6.5,5.0,0.0,26,11,130,1
473,Damon Mitchell,Rut,0,0,8,2,4,4,0,0,0,2,0,1,0,0,0,0,0,0,0,0,3.3,5.0,0.0,26,10,130,0
474,Quadree Henderson,Pitt,0,0,4,2,2,2,2,3,0,2,0,2,1,3,0,0,0,0,0,0,2.1,7.4,0.0,25,17,186,0
475,Nate Craig-Myers,Auburn,0,0,2,5,4,0,4,0,1,0,0,1,0,3,2,0,0,0,3,0,2.5,11.4,0.0,25,16,285,3
476,Tyler Carmona,Navy,0,0,2,0,2,0,2,0,4,0,5,0,2,4,0,0,0,0,0,0,3.1,15.2,0.0,25,14,381,4
477,Dimetrios Mason,Missou,0,0,5,12,4,0,0,0,0,0,0,0,0,0,0,0,0,0,0,0,6.3,4.8,0.0,25,13,119,0
478,Ronald Cleveland,AF,0,0,0,2,0,4,3,3,1,0,2,3,2,5,0,0,0,0,0,0,2.1,10.4,0.0,25,11,261,2
479,Henri Murphy,VaTech,0,0,0,2,4,5,6,0,1,0,0,0,0,0,0,0,0,0,7,0,4.2,6.1,0.0,25,10,153,0
480,Freddie Swain,Fla,0,0,0,0,1,2,4,3,0,5,0,4,3,3,0,0,0,0,0,0,3.1,3.8,0.0,25,8,96,1
481,Tray Eafford,Troy,0,0,0,0,2,0,0,0,3,4,7,0,0,4,4,0,0,0,0,0,4.0,13.0,0.0,24,17,312,3
482,Mason Donaldson,UConn,0,0,0,0,10,3,6,0,0,0,1,2,0,2,0,0,0,0,0,0,4.0,9.4,0.0,24,16,225,3
483,Charles Walker,Kty,0,0,3,3,5,1,0,0,4,0,1,1,0,2,0,0,0,0,2,0,2.4,7.5,0.0,24,15,180,0
484,Warren Jackson,ColoSt,0,0,1,4,0,0,0,0,3,5,1,3,1,0,0,0,3,0,0,0,2.7,11.0,0.0,24,15,265,2
485,Hutch White,TxSt,0,0,0,0,1,5,3,3,0,1,1,5,3,1,0,0,0,0,0,0,2.0,8.2,0.0,24,15,196,0
486,Thurman Morbley,TxSt,0,0,6,10,0,0,2,6,0,0,0,0,0,0,0,0,0,0,0,0,6.0,8.0,0.0,24,14,192,0
487,Q' Drennan,NM,0,0,0,6,6,0,0,4,12,8,6,0,0,2,0,0,0,0,0,0,3.0,7.6,0.0,24,9,182,0
488,Cortez Lewis,Wake,0,0,3,4,0,1,0,0,5,0,5,2,0,0,0,0,0,0,1,0,3.0,5.5,0.0,24,9,132,0
489,Q' Drennan,NM,0,0,0,6,6,0,0,4,12,8,6,0,0,2,0,0,0,0,0,0,3.0,7.6,0.0,24,9,182,0
490,Amari Rodgers,Clem,0,0,2,0,0,0,2,2,0,3,2,1,1,3,3,0,0,0,1,0,1.9,5.3,0.0,23,19,123,0
491,Jarrod Jackson,UL-Laf,0,0,0,0,7,0,1,0,4,0,1,0,1,6,3,0,0,0,0,0,3.3,9.5,0.0,23,18,219,2
492,Kylen Towner,WestKy,0,0,1,0,0,0,1,7,3,4,0,0,5,1,0,0,0,0,0,0,2.1,12.4,0.0,23,18,286,2
493,Marlon Williams,UCF,0,0,0,0,0,2,0,1,1,1,3,4,4,2,4,0,0,0,0,0,2.1,11.7,0.0,23,17,270,2
494,Eddie Sinegal,UTEP,0,0,0,0,3,0,0,0,0,0,0,8,7,2,0,0,0,0,0,0,4.6,6.3,0.0,23,17,144,0
495,Deebo Samuel,SCar,0,0,6,6,0,0,0,0,0,0,0,0,0,0,0,0,0,0,0,0,7.7,10.9,0.0,23,15,250,3
496,Riley Ridley,UGa,0,0,2,2,0,0,0,3,0,0,3,4,0,1,0,0,0,0,0,8,2.9,9.5,0.0,23,14,218,2
497,Diondre Overton,Clem,0,0,0,4,2,0,2,1,0,4,0,1,2,3,2,0,0,0,0,0,2.3,7.7,0.0,23,14,178,0
498,Blake Bone,Kty,0,0,4,3,2,2,4,0,3,4,0,0,1,0,0,0,0,0,0,0,2.9,10.2,0.0,23,13,234,2
499,Tyron Arnett,WestMi,0,0,0,5,0,0,0,0,0,0,0,0,7,11,0,0,0,0,0,0,7.7,9.1,0.0,23,13,210,1
500,Quest Truxton,SDSU,0,0,4,1,2,3,1,2,0,0,0,0,2,3,0,0,0,2,0,0,1.8,5.2,0.0,23,12,120,0
501,Jacquez Sloan,WestKy,0,0,0,0,0,0,0,4,2,12,2,0,2,0,0,0,1,0,0,0,3.8,7.9,0.0,23,12,182,2
502,Antonio Gandy-Golden,Lib,0,0,0,0,0,0,0,0,0,0,0,0,0,0,0,0,0,0,0,0,2.2,48.5,0.0,22,69,1066,10
503,Hasise Dubois,UVa,0,0,4,0,3,0,4,0,4,3,1,1,1,1,0,0,0,0,0,0,2.4,5.5,0.0,22,16,120,1
504,Aaron Young,Duke,0,0,4,0,0,0,0,3,0,0,0,3,0,4,0,0,0,0,2,0,3.7,10.0,0.0,22,16,219,1
505,Andre Baccellia,Wash,0,0,5,0,0,0,0,0,0,0,0,3,5,4,0,0,0,0,3,0,3.7,8.5,0.0,22,16,187,0
506,Jaelan Austin,TCU,0,0,0,1,1,0,4,2,0,4,0,6,0,2,0,0,0,0,0,0,2.8,11.0,0.0,22,15,242,0
507,Cam Sims,Ala,0,0,4,1,2,1,0,4,3,0,1,1,3,0,0,0,0,0,0,2,1.8,12.4,0.0,22,15,272,1
508,Octavius Evans,Boise,0,0,0,0,2,0,0,0,0,2,3,5,1,2,0,0,3,0,0,0,2.8,6.0,0.0,22,15,131,2
509,Derrick Dillon,LSU,0,0,1,5,1,3,0,2,0,0,2,3,1,1,0,0,0,0,1,0,1.7,5.7,0.0,22,14,125,0
510,Brandon Singleton,Cal,0,0,0,6,0,0,4,0,7,3,1,0,0,0,0,0,0,0,0,0,3.7,5.9,0.0,22,13,129,0
511,Jahrvis Davenport,MD,0,0,0,0,2,0,0,3,2,1,1,2,1,10,0,0,0,0,0,0,2.8,5.6,0.0,22,13,123,0
512,Trevion Armstrong,Nevada,0,0,0,4,4,3,3,2,0,0,3,0,2,1,0,0,0,0,0,0,2.8,5.5,0.0,22,12,120,4
513,Eddie McDoom,Mich,0,0,0,3,0,0,3,0,3,3,2,1,1,4,0,0,0,0,0,0,2.2,3.7,0.0,22,11,81,0
514,Stephen Sullivan,LSU,0,0,2,0,1,5,0,0,0,0,3,4,0,2,0,0,0,0,5,0,2.8,10.0,0.0,22,11,219,1
515,Dominic Thieman,Ill,0,0,1,0,0,1,7,5,2,0,4,2,0,0,0,0,0,0,0,0,3.1,6.5,0.0,22,11,144,0
516,Kadarius Toney,Fla,0,0,0,6,4,3,0,0,0,3,0,3,0,0,0,0,0,0,0,0,2.6,7.2,0.0,21,15,152,0
517,CT Thomas,Boise,0,0,0,1,1,0,2,1,0,3,2,0,1,3,1,0,5,0,0,0,1.8,5.8,0.0,21,15,121,0
518,Randle Jones,Temple,0,0,0,2,1,3,2,0,0,0,4,4,3,2,0,0,0,0,0,0,2.3,9.2,0.0,21,14,194,0
519,Courtney Lark,Hou,0,0,0,4,0,0,0,0,1,5,1,0,3,0,0,0,0,7,0,0,3.5,11.2,0.0,21,13,235,2
520,Henry Ruggs,Ala,0,0,1,2,0,2,2,1,1,0,2,0,1,0,0,0,0,0,3,4,1.5,10.9,0.0,21,12,229,6
521,John Okwoli,Wyo,0,0,4,2,4,2,0,0,0,3,0,0,0,0,0,0,0,0,0,0,3.5,6.5,0.0,21,12,137,1
522,Trevon Bradford,OreSt,0,0,0,2,0,1,1,1,0,2,5,0,0,2,0,0,0,0,0,0,2.3,9.7,0.0,21,11,204,0
523,Desmond Dan,NMSt,0,0,5,3,0,0,9,0,0,0,1,0,0,0,0,0,0,0,0,0,3.0,4.3,0.0,21,11,91,0
524,Savon Scarver,UtahSt,0,0,2,0,3,0,1,2,2,1,3,0,2,2,0,0,0,0,0,0,1.6,11.4,0.0,21,11,240,1
525,Dacoven Bailey,Rut,0,0,0,0,7,0,0,2,0,0,2,2,0,3,0,0,0,0,0,0,2.6,5.8,0.0,21,9,122,1
526,C.J. Saunders,OhioSt,0,0,0,1,6,1,3,3,0,1,2,0,3,0,0,0,0,0,0,0,2.5,11.1,0.0,20,17,221,1
527,C.J. Carroll,VaTech,0,0,4,1,2,4,0,0,0,0,0,0,0,3,0,0,0,0,4,0,2.9,7.9,0.0,20,15,157,1
528,Dante Jones,App,0,0,0,2,3,0,0,0,2,2,2,1,0,3,2,0,0,0,0,0,2.2,4.4,0.0,20,14,87,0
529,Neil Pau'u,BYU,0,0,0,0,0,6,5,2,4,1,0,0,0,1,0,0,0,0,0,0,2.9,7.0,0.0,20,14,139,2
530,Aaren Vaughns,UtahSt,0,0,0,0,2,1,0,3,1,2,3,0,0,3,0,0,0,0,5,0,2.2,7.8,0.0,20,14,155,0
531,Jerry Jeudy,Ala,0,0,2,0,3,2,2,3,4,0,0,0,0,1,0,0,0,0,0,3,2.5,13.2,0.0,20,14,264,2
532,Gavin Holmes,Baylor,0,0,0,0,0,0,0,3,7,0,6,4,0,0,0,0,0,0,0,0,5.0,8.3,0.0,20,13,166,2
533,Josh Cabrera,UNC,0,0,0,0,3,0,8,0,3,0,0,3,3,0,0,0,0,0,0,0,4.0,5.7,0.0,20,11,113,3
534,JJ Pinckney,Cin,0,0,0,3,2,0,5,2,3,0,1,0,4,0,0,0,0,0,0,0,2.9,8.6,0.0,20,11,171,0
535,Jacob Robertson,Tulane,0,0,1,0,5,0,2,2,0,0,0,4,3,3,0,0,0,0,0,0,2.5,4.1,0.0,20,11,81,0
536,Eddie Daugherty,EastMi,0,0,3,0,3,0,0,1,3,3,1,1,0,3,0,0,0,0,0,0,2.0,5.5,0.0,20,10,110,0
537,Kris White,KentSt,0,0,1,0,0,7,0,0,2,0,3,0,4,3,0,0,0,0,0,0,2.9,5.3,0.0,20,9,105,0
538,Mykel Jones,Okla,0,0,2,0,0,0,1,0,3,0,3,5,2,0,3,0,0,0,0,0,2.7,16.3,0.0,19,16,310,1
539,Charlie Callinan,BC,0,0,1,10,0,0,0,0,0,0,0,1,0,1,0,0,0,0,4,0,3.2,7.1,0.0,19,14,134,2
540,Zach Van Leeuwen,UtahSt,0,0,1,4,2,4,0,1,4,1,0,0,0,2,0,0,0,0,0,0,1.9,7.2,0.0,19,13,136,0
541,John Humphrey,AriSt,0,0,0,0,0,0,0,0,1,4,3,0,0,1,0,0,0,0,2,0,3.2,9.3,0.0,19,13,177,1
542,Sa'Mory Collier,USA,0,0,3,2,0,4,0,0,1,2,3,0,0,0,0,0,0,0,0,0,2.4,9.9,0.0,19,13,188,1
543,Derrion Grim,Fres,0,0,2,2,0,3,0,2,0,4,0,0,0,0,0,0,0,1,0,0,2.7,10.2,0.0,19,13,193,1
544,Walter Dawn,UTEP,0,0,4,5,0,0,1,2,0,4,1,0,0,1,0,0,0,0,0,0,1.9,5.6,0.0,19,12,107,0
545,Fred Trevillion,SDSU,0,0,0,0,0,0,2,4,0,0,2,0,3,2,0,0,0,4,0,0,2.7,17.2,0.0,19,12,327,2
546,Tyjon Lindsey,Neb,0,0,4,2,0,1,0,5,0,0,1,2,0,1,0,0,0,0,0,0,1.9,4.0,0.0,19,12,76,0
547,Miles Boykin,ND,0,0,0,0,1,1,3,0,0,0,3,0,3,1,0,0,0,0,7,0,2.7,13.3,0.0,19,12,253,2
548,Darrell Langham,Mia-Fl,0,0,0,0,0,0,1,7,3,0,0,0,2,0,0,0,0,0,0,0,3.8,11.0,0.0,19,11,209,2
549,Sam Letton,Troy,0,0,4,0,3,2,0,0,0,0,0,2,0,2,0,0,3,0,0,0,2.7,6.1,0.0,19,11,115,1
550,Jamal Couch,MissSt,0,0,0,0,0,5,0,2,2,0,0,0,0,6,0,0,0,0,2,0,2.7,10.1,0.0,19,10,191,2
551,Nate Mullen,CHAR,0,0,3,1,0,2,2,4,1,0,0,3,0,0,0,0,0,0,0,0,1.9,3.2,0.0,19,10,61,0
552,Mike Harley,Mia-Fl,0,0,0,0,4,4,0,0,1,0,0,0,2,0,3,0,0,0,1,0,2.7,4.8,0.0,19,9,91,0
553,Roscoe Johnson,UNC,0,0,0,0,4,0,3,1,0,6,0,2,0,0,0,0,0,0,0,0,3.2,4.7,0.0,19,9,90,0
554,Jeremiah Haydel,TxSt,0,0,0,1,2,1,2,1,0,0,3,4,5,0,0,0,0,0,0,0,1.9,4.4,0.0,19,8,83,1
555,Kavious Price,KentSt,0,0,1,5,1,1,6,1,0,0,0,1,1,2,0,0,0,0,0,0,1.9,8.0,0.0,19,7,152,1
556,Roshauud Paul,TexA&M,0,0,0,1,1,1,2,0,0,1,2,9,0,0,0,0,0,0,0,0,2.3,10.4,0.0,18,16,187,0
557,Emeka Emezie,NCSU,0,0,2,3,0,0,0,0,0,0,0,2,7,2,0,0,0,0,1,0,2.0,9.1,0.0,18,13,163,1
558,Pop Williams,Mem,0,0,0,0,2,4,5,1,3,1,0,0,0,0,0,0,0,0,1,0,1.6,8.1,0.0,18,12,145,0
559,Hezekiah Grimsley,VaTech,0,0,0,3,3,0,0,0,1,0,0,0,0,6,0,0,0,0,5,0,3.6,7.7,0.0,18,12,139,0
560,Keith Corbin,Hou,0,0,1,3,3,2,4,3,0,0,0,0,2,0,0,0,0,0,0,0,2.6,9.1,0.0,18,10,164,0
561,CJ Dimry,WashSt,0,0,2,0,4,0,4,1,5,0,0,0,0,0,0,0,0,0,0,0,3.0,6.7,0.0,18,10,121,0
562,Devin Duvernay,Tex,0,0,0,0,0,1,0,3,3,0,2,2,2,2,0,0,0,0,0,0,2.3,6.9,0.0,18,9,124,0
563,Geraud Sanders,AF,0,0,0,0,2,14,2,0,0,0,0,12,0,0,0,0,0,0,0,0,3.6,10.8,0.0,18,9,194,3
564,Geraud Sanders,AF,0,0,0,0,2,14,2,0,0,0,0,12,0,0,0,0,0,0,0,0,3.6,10.8,0.0,18,9,194,3
565,Sean Riley,Syr,0,0,0,6,1,2,0,0,1,0,3,1,1,2,0,0,0,0,0,0,1.5,6.9,0.0,18,8,125,0
566,Drew Tejchman,UNLV,0,0,0,0,0,0,4,0,3,2,1,3,2,1,0,0,0,0,0,0,2.3,7.7,0.0,18,7,138,0
567,D'Marius Gillespie,UL-Mon,0,0,0,1,0,0,2,2,3,2,2,0,0,3,2,0,0,0,0,0,2.1,15.4,0.0,17,13,261,2
568,Jerron Rollins,Cin,0,0,2,2,3,2,0,0,0,0,2,0,2,2,0,0,0,0,0,0,2.1,5.9,0.0,17,13,101,1
569,Devin Gentry,GaSt,0,0,0,0,2,0,0,1,1,0,1,4,0,3,2,0,3,0,0,0,1.9,15.2,0.0,17,12,259,3
570,Jamari Eiland,Buff,0,0,0,0,2,2,4,0,0,4,0,0,2,2,0,0,0,0,0,0,2.4,5.5,0.0,17,12,93,0
571,Tarik Black,Mich,0,0,6,7,0,0,0,0,0,0,0,0,0,0,0,0,0,0,0,0,5.7,8.8,0.0,17,11,149,1
572,Trenard Davis,Ill,0,0,0,4,0,0,2,4,2,0,0,5,0,0,0,0,0,0,0,0,2.8,8.9,0.0,17,10,152,0
573,Myron Gailliard,SMU,0,0,4,3,3,1,1,0,0,2,0,0,3,0,0,0,0,0,0,0,1.9,9.9,0.0,17,9,169,1
574,Gabe Myles,MissSt,0,0,2,0,0,0,0,3,5,0,0,0,0,0,0,0,0,0,1,0,3.4,5.3,0.0,17,9,90,2
575,Jaylond Adams,SouMis,0,0,5,3,0,2,0,3,0,0,0,0,0,0,0,0,0,0,4,0,2.4,12.9,0.0,17,8,219,1
576,Donavan Hale,Ind,0,0,3,0,0,0,0,0,0,0,0,0,0,0,0,0,0,0,0,0,8.5,6.8,0.0,17,7,116,1
577,Jonathan Duhart,ODU,0,0,9,0,0,0,0,0,0,0,0,0,0,0,0,0,0,0,0,0,8.5,7.1,0.0,17,7,121,2
578,Demetris Robertson,Cal,0,0,8,0,0,0,0,0,0,0,0,0,0,0,0,0,0,0,0,0,8.5,4.1,0.0,17,7,70,0
579,Brad Stewart,GaTech,0,0,0,0,0,3,0,1,0,2,0,2,3,3,0,0,0,0,0,0,1.7,5.8,0.0,17,4,99,1
580,Trishton Jackson,MSU,0,0,0,0,7,2,0,0,0,0,0,2,0,2,0,0,0,0,0,0,2.7,8.9,0.0,16,12,143,0
581,Corey Lacanaria,BallSt,0,0,5,2,4,0,0,0,0,0,0,0,0,0,0,0,0,0,0,0,4.0,6.5,0.0,16,12,104,0
582,Sederian Copeland,UAB,0,0,2,0,8,0,0,2,3,0,0,0,0,0,0,0,0,0,0,0,2.7,9.9,0.0,16,11,158,2
583,Trevion Thompson,Clem,0,0,0,1,1,0,0,1,0,2,4,3,2,0,0,0,0,0,0,0,2.0,5.9,0.0,16,11,94,0
584,John Burt,Tex,0,0,0,0,0,0,0,0,3,1,1,5,0,2,0,0,0,0,2,0,2.0,11.1,0.0,16,11,177,1
585,Jacquille Veii,MD,0,0,2,0,4,2,0,0,0,1,3,2,0,0,0,0,0,0,0,0,2.3,4.2,0.0,16,10,67,0
586,Ernest Patterson,UL-Laf,0,0,0,0,0,0,0,0,0,0,0,4,5,4,3,0,0,0,0,0,2.3,6.0,0.0,16,10,96,0
587,Beau Corrales,UNC,0,0,0,2,0,0,1,0,0,6,0,4,3,0,0,0,0,0,0,0,3.2,8.9,0.0,16,9,143,3
588,Quay Chambers,Duke,0,0,4,3,3,0,5,0,0,0,0,1,0,0,0,0,0,0,0,0,3.2,5.4,0.0,16,9,87,0
589,Mason Hays,TxSt,0,0,3,9,2,0,0,0,0,0,0,0,0,0,0,0,0,0,0,0,4.0,9.3,0.0,16,9,148,1
590,Kerr Johnson Jr.,Kansas,0,0,0,0,1,0,1,2,1,0,0,1,1,4,0,0,0,0,0,0,2.0,5.8,0.0,16,8,92,0
591,Hunter Hayek,Rut,0,0,2,0,5,1,0,0,0,3,4,0,1,0,0,0,0,0,0,0,2.3,3.9,0.0,16,8,62,0
592,Jalen Greene,USC,0,0,2,4,2,0,0,0,0,0,3,0,0,0,0,0,0,0,0,0,2.7,6.1,0.0,16,8,98,0
593,Brodrick Yancy,Temple,0,0,4,2,0,0,3,3,1,0,0,0,0,0,0,0,0,0,0,0,2.7,6.8,0.0,16,8,108,1
594,Thomas Jackson,UNC,0,0,8,2,0,0,0,0,0,0,0,0,0,0,0,0,0,0,0,0,5.3,6.1,0.0,16,7,97,2
595,Jordan Franks,UCF,0,0,0,0,1,0,2,0,0,4,1,2,4,1,0,0,0,0,0,0,1.9,8.0,0.0,15,12,120,0
596,Blake Banham,EastMi,0,0,1,0,2,0,0,0,0,4,0,2,3,1,0,0,0,0,0,0,1.9,6.3,0.0,15,12,94,0
597,Dre Massey,Fla,0,0,0,0,0,0,0,3,0,2,2,2,2,3,0,0,0,0,0,0,1.5,9.9,0.0,15,11,149,1
598,Demetrius Douglas,Minn,0,0,1,6,0,0,0,0,0,0,0,0,0,0,0,0,0,0,0,0,5.0,5.5,0.0,15,11,83,0
599,Kumoku Noa,Hawaii,0,0,0,0,0,0,0,0,0,3,3,5,0,4,0,0,0,0,0,0,3.8,9.3,0.0,15,11,140,2
600,Shemar Thornton,FIU,0,0,0,0,0,0,0,0,0,0,1,2,3,4,2,0,0,3,0,0,2.5,10.9,0.0,15,10,164,2
601,Markis McCray,UL-Mon,0,0,0,6,3,3,0,0,0,0,0,0,0,0,0,0,0,0,0,0,3.0,10.5,0.0,15,10,157,0
602,Clark Quisenberry,Troy,0,0,0,1,3,0,0,4,0,1,0,2,0,2,0,0,0,0,0,0,2.1,6.4,0.0,15,9,96,2
603,Larry Collins,CoastC,0,0,0,0,3,2,1,0,0,2,0,0,6,0,0,0,0,0,0,0,2.5,6.1,0.0,15,9,92,1
604,James Clark,VaTech,0,0,2,2,0,0,0,0,2,0,5,0,3,0,0,0,0,0,1,0,1.9,6.1,0.0,15,8,92,0
605,Nykeim Johnson,Syr,0,0,0,0,4,1,2,0,0,0,0,1,3,0,0,0,0,0,0,0,2.5,4.5,0.0,15,8,68,0
606,Corey Reed,Lou,0,0,0,1,0,7,6,0,0,0,0,0,1,0,0,0,0,0,0,0,3.8,9.7,0.0,15,8,145,0
607,Jeremiah Hawkins,Cal,0,0,0,0,2,4,1,0,0,5,1,0,2,0,0,0,0,0,0,0,2.1,4.7,0.0,15,8,70,0
608,Javan Hawes,Cin,0,0,0,0,0,8,0,0,1,0,2,0,3,1,0,0,0,0,0,0,2.5,3.8,0.0,15,8,57,1
609,Jamal Custis,Syr,0,0,0,0,0,0,0,1,1,0,1,3,0,0,0,0,0,0,0,0,3.0,8.0,0.0,15,8,120,1
610,R.J. Sneed,Baylor,0,0,0,1,3,4,0,4,3,0,0,0,0,0,0,0,0,0,0,0,3.0,3.5,0.0,15,5,53,0
611,Hasaan Patterson,ODU,0,0,4,2,6,0,0,0,0,0,0,0,0,3,0,0,0,0,0,0,3.8,3.8,0.0,15,5,57,1
612,Marques Little,ODU,0,0,1,1,1,0,0,0,0,0,1,1,7,2,0,0,0,0,0,0,2.0,7.9,0.0,14,12,111,0
613,Jordan Duncan,Cal,0,0,0,0,3,0,1,2,2,0,1,0,0,4,0,0,0,0,0,0,2.0,8.6,0.0,14,10,120,1
614,Brandon Polk,PSU,0,0,1,2,0,0,3,0,1,0,0,1,1,2,0,0,0,0,1,0,1.6,9.3,0.0,14,10,130,1
615,Dayall Harris,Mia-Fl,0,0,0,0,2,0,0,0,0,0,0,4,3,5,0,0,0,0,0,0,3.5,6.6,0.0,14,10,92,2
616,Isaac Holder,EastMi,0,0,0,0,2,1,1,0,1,2,2,3,0,1,0,0,0,0,0,0,1.6,5.9,0.0,14,9,83,0
617,C.J. Riley,NCSU,0,0,1,1,3,0,0,0,0,0,0,0,2,4,0,0,0,0,0,0,2.3,10.1,0.0,14,9,142,0
618,Kevin Todd,ODU,0,0,0,0,0,0,0,3,3,7,1,0,0,0,0,0,0,0,0,0,3.5,6.5,0.0,14,9,91,0
619,Tyler Patrick,Kansas,0,0,0,0,3,0,0,0,0,5,6,0,0,0,0,0,0,0,0,0,2.8,7.9,0.0,14,9,111,0
620,Cedric Peterson,Ari,0,0,3,1,4,0,0,0,0,1,0,1,0,0,0,0,0,0,1,0,1.8,4.1,0.0,14,8,57,0
621,Zy Letman,App,0,0,2,0,6,0,0,2,0,0,0,0,0,0,0,0,0,0,0,0,3.5,7.6,0.0,14,8,106,1
622,Warren Redix,UTEP,0,0,1,3,0,0,3,0,0,0,4,2,0,0,0,0,0,0,0,0,2.3,9.1,0.0,14,8,128,1
623,Cameron Smith,ND,0,0,8,0,0,0,1,0,0,0,0,0,0,0,0,0,0,0,0,0,4.7,4.3,0.0,14,8,60,1
624,Scott Bracey,Duke,0,0,0,1,0,0,3,3,5,0,0,0,0,0,0,0,0,0,0,0,2.8,5.2,0.0,14,8,73,0
625,Mark Michaud,GaSo,0,0,4,0,0,0,2,0,6,0,2,0,0,0,0,0,0,0,0,0,3.5,12.4,0.0,14,7,173,0
626,Dieuly Aristilde,EastMi,0,0,3,0,0,4,1,0,1,0,0,1,0,0,0,0,0,0,0,0,2.3,5.6,0.0,14,7,79,0
627,DeVonta Smith,Ala,0,0,0,1,1,0,0,3,0,0,4,2,1,0,0,0,0,0,0,2,2.0,11.1,0.0,14,7,156,3
628,Ryan Newsome,AriSt,0,0,0,1,0,0,0,0,2,3,0,0,0,0,0,0,0,0,8,0,1.8,6.9,0.0,14,7,96,0
629,Nate Brown,Missou,0,0,0,0,2,0,0,0,2,2,0,0,0,6,0,0,0,0,1,0,2.6,6.8,0.0,13,11,89,0
630,Kendrick Rogers,TexA&M,0,0,3,1,0,0,0,0,0,0,0,4,1,0,0,0,0,0,4,0,2.6,7.6,0.0,13,11,99,0
631,Deangelo Antoine,USF,0,0,0,4,0,0,0,3,0,2,2,0,0,0,0,0,0,0,0,0,2.2,12.9,0.0,13,11,168,1
632,Quinten Pounds,Wash,0,0,1,2,2,3,3,1,0,1,0,0,0,0,0,0,0,0,0,0,1.9,11.9,0.0,13,10,155,1
633,Chico McClatcher,Wash,0,0,6,0,4,0,0,0,0,0,0,0,0,0,0,0,0,0,0,0,4.3,9.8,0.0,13,10,128,0
634,Marshall Ellick,Temple,0,0,0,5,0,0,0,1,0,0,2,0,0,2,0,0,0,0,0,0,2.2,7.2,0.0,13,10,93,0
635,Jauan Wesley,NIU,0,0,2,4,0,0,1,0,1,0,0,1,0,1,0,0,0,0,3,0,1.4,19.2,0.0,13,10,250,2
636,Trey Dye,BYU,0,0,4,1,0,0,4,1,0,0,0,0,0,0,0,0,0,0,0,0,1.9,5.9,0.0,13,9,77,1
637,Eldridge Massington,UCLA,0,0,2,0,3,3,0,0,0,0,1,2,0,2,0,0,0,0,0,0,2.2,8.5,0.0,13,9,111,2
638,Quan Shorts,TxTch,0,0,0,0,0,0,4,4,1,0,0,1,0,0,0,0,0,1,0,0,2.2,8.4,0.0,13,9,109,2
639,Phil Patterson,VaTech,0,0,0,0,0,0,0,0,0,0,0,0,3,0,0,0,0,0,10,0,6.5,6.8,0.0,13,9,88,0
640,Henry Bussey,FlaAtl,0,0,5,2,0,0,0,0,1,0,0,0,0,0,0,0,0,0,0,0,2.2,3.3,0.0,13,8,43,0
641,Tyrese Johnson,MiddTn,0,0,0,2,6,5,0,0,0,0,0,0,0,0,0,0,0,0,0,0,4.3,6.6,0.0,13,8,86,0
642,Eric Luna,TxSt,0,0,0,0,0,0,0,0,0,4,5,2,0,2,0,0,0,0,0,0,3.3,4.6,0.0,13,8,60,1
643,Tavaris Harrison,FlaAtl,0,0,2,2,1,0,1,0,1,3,0,0,0,1,0,0,0,0,0,0,1.6,5.9,0.0,13,8,77,0
644,Kyle Davis,Auburn,0,0,4,3,1,3,2,0,0,0,0,0,0,0,0,0,0,0,0,0,2.6,16.2,0.0,13,7,210,0
645,Tavonn Salter,MiddTn,0,0,0,0,0,0,0,0,2,0,4,4,0,3,0,0,0,0,0,0,3.3,9.6,0.0,13,6,125,2
646,Antoine Wesley,TxTch,0,0,0,0,0,3,2,0,0,0,0,0,2,1,0,0,0,3,0,0,2.0,11.4,0.0,12,10,137,0
647,Jarrison Stewart,TCU,0,0,0,0,0,0,0,0,0,0,0,0,1,7,1,0,0,0,2,0,2.0,8.5,0.0,12,9,102,1
648,Dylan Thomas,TCU,0,0,0,4,0,0,2,1,2,1,0,0,0,1,0,0,0,0,0,0,1.7,4.9,0.0,12,9,59,1
649,Jimmy Marshall,MiddTn,0,0,0,1,2,3,0,1,0,0,1,0,0,3,0,0,1,0,0,0,1.7,6.6,0.0,12,8,79,2
650,Sidney Davis,Troy,0,0,1,1,2,0,0,2,2,0,1,0,0,0,0,0,0,0,0,0,1.5,6.4,0.0,12,8,77,0
651,Jonathan Adams,ArkSt,0,0,0,2,3,0,0,0,0,3,0,2,2,0,0,0,0,0,0,0,1.7,6.4,0.0,12,8,77,1
652,Kedarian Jones,Mem,0,0,0,0,2,2,0,0,2,1,1,0,1,0,0,0,0,0,2,0,1.3,12.7,0.0,12,8,152,1
653,Randrecous Davis,SCar,0,0,0,1,3,0,0,0,0,0,0,0,0,3,0,0,0,0,5,0,3.0,4.6,0.0,12,7,55,0
654,La'Michael Pettway,Ark,0,0,0,0,0,0,0,0,1,1,2,1,1,3,0,0,0,0,0,0,1.7,7.7,0.0,12,6,92,0
655,Cameron Stewart,UCF,0,0,0,0,0,0,0,3,0,2,0,3,0,0,3,0,0,0,0,0,2.4,16.4,0.0,12,6,197,1
656,Josh Smith,Tenn,0,0,0,5,3,0,0,3,0,1,0,0,0,0,0,0,0,0,0,0,3.0,3.6,0.0,12,5,43,0
657,Marcus Gaines,LaTech,0,0,5,0,0,0,5,0,0,0,0,0,0,0,0,0,0,0,0,0,4.0,9.8,0.0,12,5,118,0
658,Raekwon James,KentSt,0,0,3,2,0,3,2,0,0,0,1,1,0,0,0,0,0,0,0,0,1.3,5.1,0.0,12,4,61,1
659,Ty Slanina,TCU,0,0,0,0,0,0,0,3,0,0,2,0,0,2,0,0,0,0,0,0,2.8,6.9,0.0,11,10,76,0
660,Ermon Lane,FlaSt,0,0,0,0,0,0,0,0,0,3,2,0,2,1,3,0,0,0,0,0,1.1,15.4,0.0,11,8,169,0
661,DeJuawn Oliver,LaTech,0,0,0,2,0,2,1,0,0,3,0,1,1,0,0,0,0,0,0,0,1.6,10.5,0.0,11,8,116,1
662,Donaven Tennyson,Vandy,0,0,0,0,2,4,0,0,0,0,0,2,2,1,0,0,0,0,0,0,1.6,10.5,0.0,11,8,116,0
663,Carmoni Green,Ill,0,0,0,0,0,1,7,2,1,0,0,0,0,0,0,0,0,0,0,0,2.8,6.8,0.0,11,8,75,0
664,Cornell Powell,Clem,0,0,1,0,1,0,3,0,0,2,0,0,2,0,0,0,0,0,0,0,1.4,5.2,0.0,11,8,57,1
665,John Franklin III,FlaAtl,0,0,0,3,1,0,1,0,2,0,0,0,0,1,1,0,0,0,0,0,1.0,8.6,0.0,11,7,95,1
666,Rahshead Johnson,SJSU,0,0,0,0,0,0,0,4,0,0,1,0,6,0,0,0,0,0,0,0,2.8,9.4,0.0,11,7,103,2
667,Parker Smith,Rice,0,0,1,1,0,0,1,0,0,1,0,3,1,3,0,0,0,0,0,0,1.4,8.6,0.0,11,7,95,0
668,Tylan Wallace,OkSt,0,0,1,3,0,0,0,3,0,0,0,3,1,0,0,0,0,0,0,0,1.8,10.7,0.0,11,7,118,0
669,Jacoby Herring,UMass,0,0,2,4,2,0,0,0,0,0,0,0,0,0,3,0,0,0,0,0,2.8,7.4,0.0,11,7,81,0
670,Kawaan Baker,USA,0,0,0,2,0,0,0,0,0,0,0,4,0,0,3,0,0,0,0,0,2.2,9.3,0.0,11,7,102,1
671,Jaren Colston-Green,UtahSt,0,0,1,4,1,3,0,0,0,0,0,0,1,0,0,0,0,0,0,0,1.8,11.3,0.0,11,7,124,0
672,Jahcour Pearson,WestKy,0,0,0,0,0,0,0,4,0,0,2,2,0,0,0,0,2,0,0,0,1.8,3.6,0.0,11,7,40,0
673,George Campbell,FlaSt,0,0,0,0,4,3,2,0,0,0,0,0,0,0,0,0,0,0,0,0,2.8,11.1,0.0,11,6,122,0
674,Jeffery Mead,Okla,0,0,0,4,0,0,0,4,1,0,0,0,1,0,0,0,0,0,0,0,1.8,8.9,0.0,11,6,98,0
675,Keylon Stokes,Tulsa,0,0,0,0,0,0,4,1,0,1,2,0,2,1,0,0,0,0,0,0,1.6,13.0,0.0,11,6,143,0
676,Darryl Richards,Toledo,0,0,0,0,0,0,2,0,0,0,2,0,2,1,2,0,0,0,0,0,1.8,8.2,0.0,11,6,90,0
677,Velus Jones,USC,0,0,1,2,0,0,1,1,2,1,0,2,0,0,0,0,0,0,0,0,0.8,4.2,0.0,11,6,46,0
678,Chris Finke,ND,0,0,5,2,0,1,1,0,1,0,0,0,0,0,0,0,0,0,1,0,0.8,9.3,0.0,11,6,102,0
679,Uriah LeMay,CHAR,0,0,4,8,0,2,6,0,2,0,0,0,0,0,0,0,0,0,0,0,2.2,6.5,0.0,11,5,71,0
680,Jared Atkinson,Baylor,0,0,0,0,0,0,0,0,0,0,1,1,2,7,0,0,0,0,0,0,2.2,6.6,0.0,11,5,73,0
681,Uriah LeMay,CHAR,0,0,4,8,0,2,6,0,2,0,0,0,0,0,0,0,0,0,0,0,2.2,6.5,0.0,11,5,71,0
682,Deric Phouthavong,BGSU,0,0,1,1,0,1,0,7,0,0,0,0,1,0,0,0,0,0,0,0,2.2,7.3,0.0,11,5,80,0
683,Austin Trammell,Rice,0,0,0,0,1,2,0,0,0,1,1,0,3,2,0,0,0,0,0,0,0.9,4.6,0.0,11,4,51,0
684,Brandon Colon,Navy,0,0,0,0,0,1,3,1,0,0,3,0,2,0,0,0,0,0,0,0,1.6,7.1,0.0,11,3,78,1
685,Damian King,Lib,0,0,0,0,0,0,0,0,0,0,0,0,0,0,0,0,0,0,0,0,0.9,66.9,0.0,10,66,669,4
686,Jordan Smallwood,Okla,0,0,0,1,0,0,2,0,1,1,0,0,2,0,0,0,0,0,0,0,1.1,9.7,0.0,10,10,97,1
687,Jocquez Bruce,MiddTn,0,0,0,0,1,4,3,0,0,0,0,0,2,0,0,0,0,0,0,0,1.3,5.9,0.0,10,9,59,1
688,Jerrid Marhefka,Ohio,0,0,0,0,2,0,0,0,0,0,3,0,0,4,0,0,0,0,0,0,2.0,10.7,0.0,10,9,107,1
689,Brayden Dickey,Wash,0,0,1,4,1,3,0,0,0,0,0,0,0,0,0,0,0,0,0,0,2.0,8.9,0.0,10,9,89,0
690,Nick Mathews,Marsh,0,0,0,0,0,0,0,0,0,0,0,7,3,0,0,0,0,0,0,0,5.0,7.7,0.0,10,7,77,0
691,Laviska Shenault,Colo,0,0,1,1,2,1,0,0,0,2,0,1,0,2,0,0,0,0,0,0,1.4,16.8,0.0,10,7,168,0
692,Markell Pack,Miss,0,0,3,5,0,0,0,0,0,1,0,1,0,0,0,0,0,0,0,0,2.5,6.7,0.0,10,7,67,0
693,Isaac Zico,Purdue,0,0,0,2,0,0,0,0,2,0,0,0,0,2,0,0,0,0,0,0,2.5,3.4,0.0,10,6,34,1
694,JaQuay Savage,Cin,0,0,0,6,4,0,0,0,0,0,0,6,2,2,0,0,0,0,0,0,2.0,5.1,0.0,10,6,51,1
695,Ja'Quay Savage,Cin,0,0,0,6,4,0,0,0,0,0,0,6,2,2,0,0,0,0,0,0,2.0,5.1,0.0,10,6,51,1
696,Rashad Medaris,Cin,0,0,0,3,0,4,3,0,0,0,0,0,0,0,0,0,0,0,0,0,3.3,6.1,0.0,10,6,61,0
697,Darion Anderson,GaSo,0,0,0,0,0,0,2,0,3,0,1,0,2,2,0,0,0,0,0,0,2.0,10.6,0.0,10,6,106,0
698,Austin Liles,SJSU,0,0,2,0,0,3,0,0,0,2,0,3,0,0,0,0,0,0,0,0,2.5,4.7,0.0,10,5,47,0
699,Cee Jay Powell,LaTech,0,0,4,0,0,0,0,0,0,1,1,3,1,0,0,0,0,0,0,0,1.7,3.7,0.0,10,5,37,0
700,Jeremy Kelly,SJSU,0,0,0,0,0,0,2,2,0,5,0,0,0,0,0,0,0,0,0,0,2.5,4.0,0.0,10,4,40,0
701,Mechane Slade,Mem,0,0,0,0,0,1,4,0,0,0,1,0,2,0,0,0,0,0,1,0,1.8,9.9,0.0,9,9,89,1
702,Andre Petties-Wilson,PorSt,0,0,0,0,0,0,0,0,0,0,0,0,0,0,0,0,0,0,0,0,1.1,5.7,0.0,9,8,51,0
703,D'Anfernee McGriff,FlaAtl,0,0,0,0,0,0,0,0,1,0,0,0,2,3,0,0,0,1,0,0,1.8,7.3,0.0,9,8,66,1
704,Dakota Torres,Hawaii,0,0,1,0,0,0,0,1,0,0,0,2,2,1,0,0,0,0,0,0,1.5,5.8,0.0,9,7,52,2
705,Romello Brooker,Hou,0,0,1,2,2,0,0,1,0,0,2,0,1,0,0,0,0,0,0,0,1.5,5.0,0.0,9,7,45,0
706,Ty Jones,Wash,0,0,0,0,0,0,0,0,0,2,0,1,0,3,0,0,0,0,3,0,2.3,7.9,0.0,9,7,71,0
707,Bryan Thompson,Utah,0,0,0,0,0,0,0,1,0,0,1,5,2,0,0,0,0,0,0,0,2.3,8.6,0.0,9,5,77,0
708,Jaylon Redd,Oregon,0,0,0,0,2,1,0,0,1,0,0,0,0,3,0,0,2,0,0,0,1.5,6.6,0.0,9,5,59,1
709,Jazz Peavy,Wisc,0,0,5,1,0,1,0,0,0,0,0,0,0,0,0,0,0,0,0,0,2.3,6.1,0.0,9,5,55,0
710,Caleb Reams,Ill,0,0,0,0,0,0,0,0,0,0,1,4,0,4,0,0,0,0,0,0,3.0,3.6,0.0,9,4,32,1
711,Eric Carter,Minn,0,0,0,0,0,3,0,0,1,3,0,0,0,0,0,0,0,0,0,0,1.5,9.6,0.0,9,4,86,0
712,Nico Collins,Mich,0,0,0,0,0,0,0,0,0,1,0,0,0,0,0,0,0,0,8,0,4.5,3.0,0.0,9,3,27,0
713,Mark Williams,Minn,0,0,0,0,0,0,0,8,0,0,0,0,1,0,0,0,0,0,0,0,4.5,4.8,0.0,9,2,43,0
714,Shelby Walker,SMU,0,0,2,0,1,0,2,0,0,0,0,2,0,2,0,0,0,0,0,0,1.3,1.7,0.0,9,2,15,0
715,Frank Darby,AriSt,0,0,4,0,0,1,0,0,0,0,0,0,0,1,0,0,0,0,2,0,1.3,29.3,0.0,8,9,234,2
716,Tim Wilson,SDSU,0,0,0,0,2,0,0,0,4,0,0,0,0,1,0,0,0,0,0,0,2.0,11.1,0.0,8,6,89,0
717,Patrick Reed,NM,0,0,0,2,0,0,0,0,1,3,2,0,0,0,0,0,0,0,0,0,2.0,6.5,0.0,8,6,52,0
718,D.J. Matthews,FlaSt,0,0,0,0,0,0,0,2,0,0,0,0,0,0,2,0,0,0,4,0,0.9,9.0,0.0,8,6,72,1
719,Jonathan Hodoh,UL-Mon,0,0,0,0,0,0,1,6,0,0,0,0,0,0,0,0,0,0,0,0,2.7,6.6,0.0,8,6,53,1
720,Devon Spalding,CentMi,0,0,0,3,1,0,0,0,0,0,0,0,0,0,0,0,0,0,0,0,2.0,3.3,0.0,8,5,26,0
721,Cam Chambers,MSU,0,0,0,0,4,1,0,0,0,0,0,0,0,1,0,0,0,0,0,0,2.0,8.3,0.0,8,5,66,0
722,Tim Jones,SouMis,0,0,0,0,0,0,0,0,4,2,0,2,0,0,0,0,0,0,0,0,2.7,15.1,0.0,8,5,121,1
723,Roderick Proctor,Mem,0,0,0,0,0,2,0,1,0,0,3,0,0,2,0,0,0,0,0,0,2.0,8.4,0.0,8,5,67,0
724,Emonee Spence,Lou,0,0,0,0,4,4,0,0,0,0,0,0,0,0,0,0,0,0,0,0,4.0,6.0,0.0,8,5,48,0
725,TJ Chase,Clem,0,0,0,0,0,0,3,0,0,0,1,0,2,0,2,0,0,0,0,0,1.6,4.4,0.0,8,5,35,1
726,George Scott,LaTech,0,0,0,0,0,4,2,0,0,0,0,0,0,0,0,0,0,2,0,0,2.7,4.6,0.0,8,5,37,0
727,Brandon Childress,CentMi,0,0,1,0,0,0,0,0,0,0,0,0,0,0,0,0,0,0,0,0,4.0,5.3,0.0,8,5,42,1
728,Jared Cornelius,Ark,0,0,3,0,4,0,0,0,0,0,0,0,0,0,0,0,0,0,0,0,2.7,5.4,0.0,8,5,43,1
729,Avante' Cox,Wyo,0,0,4,0,0,2,0,0,0,1,0,0,0,0,0,0,0,0,0,0,1.6,9.9,0.0,8,5,79,0
730,Ruben Garnett,MiddTn,0,0,0,0,0,0,1,0,0,0,0,0,0,0,0,0,7,0,0,0,1.0,8.9,0.0,8,5,71,1
731,Brandon Arconado,WashSt,0,0,0,0,1,0,0,0,2,1,0,0,0,0,0,0,0,0,4,0,2.0,9.1,0.0,8,4,73,1
732,DL Knock,Ohio,0,0,0,1,0,3,1,0,1,0,0,0,0,0,0,0,0,2,0,0,0.7,3.1,0.0,8,4,25,1
733,Dionte Mullins,Mia-Fl,0,0,0,0,2,0,0,3,3,0,0,0,0,0,0,0,0,0,0,0,2.7,6.6,0.0,8,4,53,0
734,Everett Wormley,Rut,0,0,0,0,0,0,0,0,0,1,0,0,5,0,0,0,0,0,0,0,2.7,2.4,0.0,8,4,19,0
735,Klyde Chriss,TexA&M,0,0,3,3,1,0,1,0,0,0,0,0,0,0,0,0,0,0,0,0,2.0,6.5,0.0,8,4,52,0
736,Tyler Byrd,Tenn,0,0,0,0,3,0,0,0,0,1,2,2,0,0,0,0,0,0,0,0,1.6,3.4,0.0,8,3,27,1
737,Keynan Foster,UTEP,0,0,2,2,2,0,0,0,0,0,0,0,0,0,0,0,0,0,0,0,2.0,2.9,0.0,8,3,23,0
738,Hassan Littles,BallSt,0,0,0,0,0,5,3,0,0,0,0,0,0,0,0,0,0,0,0,0,4.0,2.5,0.0,8,2,20,0
739,Aaron Molina,NM,0,0,0,0,0,0,0,1,3,0,0,0,0,4,0,0,0,0,0,0,2.7,2.5,0.0,8,2,20,1
740,Landen Measom,SoUt,0,0,0,0,0,0,0,0,0,0,0,0,0,0,0,0,0,0,0,0,0.6,86.9,0.0,7,53,608,4
741,Demun Mercer,UND,0,0,0,0,0,0,0,0,0,0,0,0,0,0,0,0,0,0,0,0,0.7,72.6,0.0,7,36,508,1
742,Xavier Hawkins,OreSt,0,0,1,0,0,0,2,0,0,0,0,0,0,1,0,0,0,0,0,0,1.0,9.4,0.0,7,8,66,0
743,Ja'Deion High,TxTch,0,0,0,0,1,1,0,0,0,1,0,0,2,0,0,0,0,0,0,0,1.0,8.3,0.0,7,7,58,0
744,Quinetin Jackson,NorTx,0,0,0,1,0,0,0,0,0,0,0,1,1,0,2,0,1,0,0,0,1.2,11.3,0.0,7,6,79,1
745,Cameron Cole,CentMi,0,0,2,4,1,0,0,0,0,0,0,0,0,0,0,0,0,0,0,0,2.3,14.9,0.0,7,6,104,1
746,Noah Ellison,ODU,0,0,0,2,0,0,1,0,0,0,0,2,0,2,0,0,0,0,0,0,1.8,7.9,0.0,7,6,55,0
747,Warren Craft,UVa,0,0,3,3,0,0,0,0,0,0,0,0,0,0,0,0,0,0,0,0,2.3,7.9,0.0,7,5,55,0
748,Kyric McGowan,NW,0,0,3,2,0,0,1,0,0,0,0,0,0,0,0,0,0,0,0,0,1.8,7.3,0.0,7,5,51,0
749,Isaiah Harris,KanSt,0,0,4,0,0,0,0,0,0,0,0,0,0,0,0,0,0,0,0,0,2.3,19.7,0.0,7,5,138,1
750,DJ Turner,MD,0,0,1,0,1,3,0,0,0,1,0,0,1,0,0,0,0,0,0,0,1.4,4.6,0.0,7,5,32,0
751,Trey Ellis,Vandy,0,0,1,0,0,0,1,0,0,0,1,3,0,0,0,0,0,0,0,0,1.4,10.0,0.0,7,5,70,1
752,Andre Williams,Akron,0,0,0,0,0,0,0,0,0,0,0,5,1,0,1,0,0,0,0,0,1.4,10.0,0.0,7,4,70,0
753,Isaiah Epps,Kty,0,0,0,0,0,1,0,0,0,0,3,0,0,0,0,0,0,0,0,0,2.3,7.9,0.0,7,4,55,0
754,Kaleb Fossum,Nevada,0,0,0,0,0,0,0,0,0,0,0,0,0,0,0,0,0,0,0,0,7.0,5.1,0.0,7,4,36,0
755,Dannon Cavil,Tx-SA,0,0,2,0,1,0,2,1,1,0,0,0,0,0,0,0,0,0,0,0,1.2,6.4,0.0,7,4,45,0
756,Kalakaua Timoteo,Hawaii,0,0,1,0,0,0,0,0,0,0,0,0,4,0,0,0,0,0,0,0,2.3,1.7,0.0,7,3,12,0
757,Jermaine Adams,Army,0,0,0,0,0,2,0,0,5,0,0,0,0,0,0,0,0,0,0,0,3.5,5.6,0.0,7,3,39,1
758,Juval Mollette,UNC,0,0,0,3,0,0,4,0,0,0,0,0,0,0,0,0,0,0,0,0,2.3,2.7,0.0,7,2,19,0
759,Cephas Reddick,Lib,0,0,0,0,0,0,0,0,0,0,0,0,0,0,0,0,0,0,0,0,0.6,100.8,0.0,6,38,605,4
760,Reggie Roberson,WVU,0,0,2,3,0,0,0,0,0,0,0,0,0,0,0,0,0,0,0,0,2.0,5.0,0.0,6,6,30,1
761,Alex Harris,UCF,0,0,0,0,0,0,0,2,0,3,0,0,0,0,0,0,0,0,0,0,1.5,13.3,0.0,6,6,80,0
762,Blaze Moorhead,Tx-SA,0,0,0,1,0,0,0,0,0,2,0,0,2,1,0,0,0,0,0,0,1.2,10.3,0.0,6,5,62,0
763,Osirus Mitchell,MissSt,0,0,0,0,0,0,0,0,1,0,2,1,1,0,0,0,0,0,0,0,1.2,8.5,0.0,6,5,51,0
764,Emmanuel Logan-Greene,UCF,0,0,0,0,0,0,0,1,0,0,0,0,2,0,0,0,0,0,0,0,1.2,12.5,0.0,6,5,75,0
765,Keyston Fuller,Duke,0,0,0,0,1,0,0,0,0,1,0,0,0,0,0,0,0,0,0,0,2.0,2.8,0.0,6,5,17,0
766,Braylon Sanders,Miss,0,0,0,0,0,0,0,2,2,0,0,0,2,0,0,0,0,0,0,0,2.0,10.8,0.0,6,4,65,1
767,Trevor White,Baylor,0,0,0,0,0,0,0,0,0,6,0,0,0,0,0,0,0,0,0,0,1.2,4.7,0.0,6,4,28,0
768,O'Keeran Rutherford,NorTx,0,0,0,0,0,0,0,0,5,0,0,0,1,0,0,0,0,0,0,0,3.0,5.0,0.0,6,4,30,1
769,Ramaud Chiaokhiao-Bowman,NW,0,0,0,0,0,2,0,1,2,1,0,0,0,0,0,0,0,0,0,0,1.5,5.8,0.0,6,4,35,1
770,Bo Melton,Rut,0,0,0,2,0,0,0,0,0,0,1,1,2,0,0,0,0,0,0,0,1.2,13.8,0.0,6,4,83,0
771,Michael Young,ND,0,0,1,0,0,2,0,0,0,0,0,0,0,0,0,0,0,0,3,0,1.5,3.0,0.0,6,4,18,1
772,J-Shun Harris II,Ind,0,0,0,0,0,0,0,2,2,1,0,0,0,0,0,0,0,0,0,0,0.9,2.3,0.0,6,3,14,0
773,Gavin Locklear,NCSU,0,0,2,2,0,1,0,0,0,0,1,0,0,0,0,0,0,0,0,0,1.0,2.8,0.0,6,3,17,0
774,Sal Cannella,Auburn,0,0,0,1,0,0,0,3,0,0,0,0,0,0,0,0,0,0,0,0,2.0,5.2,0.0,6,3,31,0
775,Drake Davis,LSU,0,0,1,0,5,0,0,0,0,0,0,0,0,0,0,0,0,0,0,0,2.0,22.3,0.0,6,3,134,2
776,Jauan Jennings,Tenn,0,0,0,0,0,0,0,0,0,0,0,0,0,0,0,0,0,0,0,0,6.0,2.8,0.0,6,3,17,0
777,Kyle Fulks,Utah,0,0,0,2,1,0,0,1,0,0,1,1,0,0,0,0,0,0,0,0,0.7,5.2,0.0,6,3,31,0
778,Laress Nelson,MSU,0,0,0,0,0,2,0,0,1,0,0,1,0,0,0,0,0,0,0,0,0.9,4.8,0.0,6,3,29,0
779,Isiah Upton,MiddTn,0,0,0,4,2,0,0,0,0,0,0,0,0,0,0,0,0,0,0,0,3.0,7.3,0.0,6,2,44,0
780,Alfred Smith,LaTech,0,0,0,0,0,0,0,0,0,0,0,0,0,0,0,0,0,0,0,0,6.0,0.8,0.0,6,2,5,0
781,Trae Hart,SFA,0,0,0,0,0,0,0,0,0,0,0,0,0,0,0,0,0,0,0,0,0.6,71.6,0.0,5,32,358,1
782,Isaiah Weston,NoIa,0,0,0,0,0,0,0,0,0,0,0,0,0,0,0,0,0,0,0,0,0.5,76.0,0.0,5,22,380,5
783,Ahkil Crumpton,UGa,0,0,0,0,0,0,2,1,0,0,0,0,0,2,0,0,0,0,0,0,1.0,19.2,0.0,5,5,96,1
784,Javonte Bagley,Lou,0,0,0,0,3,2,0,0,0,0,0,0,0,0,0,0,0,0,0,0,2.5,8.6,0.0,5,4,43,2
785,Jared Wyatt,BGSU,0,0,0,5,0,0,0,0,0,0,0,0,0,0,0,0,0,0,0,0,5.0,9.0,0.0,5,4,45,0
786,Lance Wright,Rice,0,0,0,0,0,3,1,0,0,0,0,0,0,1,0,0,0,0,0,0,1.3,8.4,0.0,5,4,42,0
787,Nate Schoenle,Mich,0,0,0,0,2,0,0,0,0,0,2,0,0,0,0,0,0,0,1,0,0.7,8.2,0.0,5,4,41,0
788,Josh Ali,Kty,0,0,0,0,0,0,0,0,1,0,1,0,0,0,0,0,0,0,3,0,1.7,5.0,0.0,5,3,25,0
789,Devin Reece,BallSt,0,0,0,0,0,0,0,0,2,2,0,1,0,0,0,0,0,0,0,0,1.3,3.8,0.0,5,3,19,0
790,Jace James,NW,0,0,0,0,0,0,1,0,0,0,0,0,0,0,0,0,0,0,4,0,2.5,8.2,0.0,5,3,41,0
791,Jalen Brown,NW,0,0,3,2,0,0,0,0,0,0,0,0,0,0,0,0,0,0,0,0,2.5,6.6,0.0,5,3,33,0
792,Bryce Mitchell,Toledo,0,0,0,0,0,0,0,0,3,0,0,0,0,0,2,0,0,0,0,0,1.3,8.2,0.0,5,3,41,0
793,Jalen Wayne,USA,0,0,0,0,0,0,0,0,0,0,3,0,2,0,0,0,0,0,0,0,1.0,10.6,0.0,5,3,53,0
794,Nate Stewart,Akron,0,0,0,2,0,0,0,0,0,0,0,0,0,0,2,0,0,0,0,0,1.7,9.0,0.0,5,3,45,0
795,Johnny Woods,KentSt,0,0,2,0,0,1,0,0,2,0,0,0,0,0,0,0,0,0,0,0,1.7,4.0,0.0,5,3,20,0
796,Craig Scott,Navy,0,0,0,0,0,0,0,0,0,0,0,0,1,2,0,0,0,0,0,0,0.7,5.4,0.0,5,2,27,1
797,Rashad Still,Minn,0,0,0,0,0,0,1,0,0,0,0,0,4,0,0,0,0,0,0,0,2.5,13.6,0.0,5,2,68,0
798,Josh Imatorbhebhe,USC,0,0,0,0,0,4,1,0,0,0,0,0,0,0,0,0,0,0,0,0,2.5,2.2,0.0,5,2,11,0
799,Conor Young,Neb,0,0,0,0,0,0,0,5,0,0,0,0,0,0,0,0,0,0,0,0,5.0,6.2,0.0,5,2,31,0
800,Bryan Reimers,Neb,0,0,0,4,0,0,0,0,0,0,1,0,0,0,0,0,0,0,0,0,2.5,5.0,0.0,5,2,25,1
801,Isaiah Bernard,Hawaii,0,0,0,0,0,0,0,0,0,5,0,0,0,0,0,0,0,0,0,0,5.0,9.4,0.0,5,1,47,0
802,Frank Iheanacho,SFA,0,0,0,0,0,0,0,0,0,0,0,0,0,0,0,0,0,0,0,0,0.4,79.3,0.0,4,32,317,1
803,Jakari Dillard,CenArk,0,0,0,0,0,0,0,0,0,0,0,0,0,0,0,0,0,0,0,0,0.4,80.3,0.0,4,23,321,1
804,Tevin Bush,WVU,0,0,0,0,1,0,0,0,0,2,0,0,0,0,0,0,0,0,0,0,0.6,3.8,0.0,4,4,15,0
805,Sean Avant,Syr,0,0,0,0,0,0,0,0,0,0,0,0,0,0,0,0,0,0,0,0,2.0,7.5,0.0,4,4,30,0
806,Kailon Carter,UAB,0,0,0,0,0,0,0,0,0,3,0,1,0,0,0,0,0,0,0,0,1.0,4.5,0.0,4,4,18,0
807,Zach Reuter,KanSt,0,0,0,0,0,0,0,1,0,1,0,0,0,2,0,0,0,0,0,0,1.3,12.3,0.0,4,4,49,0
808,Mohamed Jabbie,Rut,0,0,0,0,0,0,0,0,0,0,1,1,2,0,0,0,0,0,0,0,0.7,4.8,0.0,4,3,19,0
809,Trevon Sidney,USC,0,0,0,0,0,0,1,0,0,2,0,0,0,0,0,0,0,0,0,0,1.3,8.8,0.0,4,3,35,0
810,Anselem Umeh,NM,0,0,0,2,0,0,0,2,0,0,0,0,0,0,0,0,0,0,0,0,2.0,14.8,0.0,4,3,59,1
811,Isiah Macklin,SDSU,0,0,0,0,0,0,0,0,0,0,2,0,0,0,0,0,0,0,0,0,2.0,8.5,0.0,4,3,34,0
812,Dee Anderson,LSU,0,0,0,0,0,0,0,0,0,0,0,1,0,0,0,0,0,0,3,0,2.0,11.3,0.0,4,3,45,0
813,Darius Rodrigue,UL-Mon,0,0,0,0,0,0,0,2,0,0,0,0,0,0,0,0,0,0,0,0,1.3,8.0,0.0,4,3,32,0
814,Brandon Smith,Iowa,0,0,0,1,0,1,0,0,2,0,0,0,0,0,0,0,0,0,0,0,1.3,3.8,0.0,4,3,15,0
815,Alex Ofodile,Oregon,0,0,0,2,0,1,0,0,0,0,0,0,0,0,0,0,0,0,0,0,1.3,5.8,0.0,4,3,23,0
816,DeVontres Dukes,USF,0,0,0,2,0,0,0,0,0,0,0,0,0,0,0,0,0,0,0,0,2.0,8.0,0.0,4,3,32,0
817,Tyler Simmons,UGa,0,0,2,1,0,0,0,0,0,0,0,0,0,0,0,0,0,0,1,0,0.8,6.5,0.0,4,3,26,0
818,Damon Terry,CentMi,0,0,0,2,0,2,0,0,0,0,0,0,0,0,0,0,0,0,0,0,0.5,8.8,0.0,4,3,35,0
819,Elijah Cooks,Nevada,0,0,0,0,0,0,0,0,0,0,0,2,2,0,0,0,0,0,0,0,2.0,5.8,0.0,4,2,23,0
820,Alan Busey,UTEP,0,0,0,0,0,0,0,0,0,0,0,0,0,0,0,0,0,0,0,0,4.0,2.3,0.0,4,2,9,0
821,Jalen Martin,IaSt,0,0,0,0,0,0,0,4,0,0,0,0,0,0,0,0,0,0,0,0,4.0,5.5,0.0,4,2,22,0
822,Stanley Clerveaux,USF,0,0,0,4,0,0,0,0,0,0,0,0,0,0,0,0,0,0,0,0,2.0,3.0,0.0,4,2,12,0
823,Ben Hogg,UVa,0,0,3,0,0,0,0,0,0,0,0,0,0,0,0,0,0,0,0,0,1.3,4.0,0.0,4,2,16,0
824,Jeff Ejekam,Army,0,0,0,0,0,1,1,0,2,0,0,0,0,0,0,0,0,0,0,0,1.3,12.0,0.0,4,2,48,0
825,Malik Gray,ECU,0,0,0,1,3,0,0,0,0,0,0,0,0,0,0,0,0,0,0,0,2.0,4.5,0.0,4,2,18,0
826,Marcus Wilson,ColoSt,0,0,0,0,0,0,0,0,0,4,0,0,0,0,0,0,0,0,0,0,0.7,1.5,0.0,4,1,6,0
827,Thadd Smith,BC,0,0,0,0,1,0,0,2,0,1,0,0,0,0,0,0,0,0,0,0,0.3,10.5,0.0,4,1,42,1
828,David Eldridge,JMU,0,0,0,0,0,0,0,0,0,0,0,0,0,0,0,0,0,0,0,0,0.3,177.7,0.0,3,42,533,4
829,DJ Stubbs,Lib,0,0,0,0,0,0,0,0,0,0,0,0,0,0,0,0,0,0,0,0,0.3,16.7,0.0,3,7,50,0
830,Charlie Fessler,NW,0,0,0,0,0,0,0,2,0,0,0,0,0,0,0,0,0,0,1,0,1.5,22.0,0.0,3,3,66,0
831,Maurice Ways,Mich,0,0,0,0,1,0,1,0,0,0,1,0,0,0,0,0,0,0,0,0,1.0,2.3,0.0,3,3,7,0
832,Trevon Grimes,OhioSt,0,0,0,1,2,0,0,0,0,0,0,0,0,0,0,0,0,0,0,0,1.5,6.7,0.0,3,3,20,0
833,Josh Johnson,Lou,0,0,0,0,2,0,0,1,0,0,0,0,0,0,0,0,0,0,0,0,1.5,17.3,0.0,3,3,52,0
834,Ellis Jefferson,Hou,0,0,0,0,0,0,2,1,0,0,0,0,0,0,0,0,0,0,0,0,1.5,10.7,0.0,3,3,32,1
835,Devin Scott,UL-Laf,0,0,0,0,0,0,0,0,0,0,0,0,0,0,3,0,0,0,0,0,3.0,15.0,0.0,3,3,45,1
836,Derek McLemore,Hou,0,0,0,1,0,0,0,0,0,0,0,0,0,2,0,0,0,0,0,0,0.8,13.7,0.0,3,3,41,0
837,Justin Walker,UAB,0,0,0,0,0,0,0,0,2,0,1,0,0,0,0,0,0,0,0,0,1.5,5.0,0.0,3,3,15,0
838,Marques Jones,Baylor,0,0,0,0,0,0,0,0,0,2,0,0,0,1,0,0,0,0,0,0,1.0,11.7,0.0,3,3,35,0
839,K.D. Nixon,Colo,0,0,2,0,0,0,0,0,0,0,1,0,0,0,0,0,0,0,0,0,0.4,5.7,0.0,3,2,17,0
840,Emanuel Porter,TCU,0,0,0,1,0,0,0,0,0,0,0,0,0,0,0,0,0,0,1,0,0.6,4.7,0.0,3,2,14,1
841,Isaiah Graham,TCU,0,0,0,0,0,0,0,0,0,0,0,0,0,0,0,0,0,0,0,0,1.5,5.3,0.0,3,2,16,0
842,Samuel Denmark,VaTech,0,0,0,0,0,0,0,0,3,0,0,0,0,0,0,0,0,0,0,0,3.0,9.3,0.0,3,2,28,1
843,Cam Marshmon,ECU,0,0,0,0,0,0,1,0,0,0,0,0,0,2,0,0,0,0,0,0,1.5,4.3,0.0,3,2,13,0
844,Ryan Jenkins,AriSt,0,0,0,2,0,1,0,0,0,0,0,0,0,0,0,0,0,0,0,0,1.5,3.7,0.0,3,2,11,0
845,DJ Nelson,UtahSt,0,0,0,0,0,0,0,0,0,0,0,0,0,2,0,0,0,0,1,0,0.4,9.7,0.0,3,2,29,0
846,Terrell Jana,UVa,0,0,2,0,0,0,0,0,0,0,0,0,0,1,0,0,0,0,0,0,1.5,7.0,0.0,3,2,21,0
847,Jaylen Harris,OhioSt,0,0,0,0,3,0,0,0,0,0,0,0,0,0,0,0,0,0,0,0,3.0,9.0,0.0,3,2,27,0
848,Javonte Woodard,LaTech,0,0,0,0,0,0,0,0,0,2,0,0,0,0,0,0,0,0,0,0,1.5,28.0,0.0,3,2,84,0
849,Eri'Reon Hayes,ODU,0,0,0,0,0,0,3,0,0,0,0,0,0,0,0,0,0,0,0,0,3.0,4.0,0.0,3,2,12,0
850,Brett Winnegan,Tx-SA,0,0,0,3,0,0,0,0,0,0,0,0,0,0,0,0,0,0,0,0,0.3,5.3,0.0,3,2,16,0
851,Marquis McClain,Auburn,0,0,0,0,0,0,0,0,0,0,0,2,0,0,0,0,0,0,1,0,1.5,15.7,0.0,3,2,47,0
852,Taj Williams,TCU,0,0,0,0,0,0,0,0,2,0,0,0,0,1,0,0,0,0,0,0,1.5,11.0,0.0,3,2,33,1
853,Tyler Page,SMU,0,0,0,0,0,0,0,0,0,0,0,0,0,0,0,0,0,0,0,0,1.5,2.7,0.0,3,1,8,0
854,Dominique Maiden,WVU,0,0,3,0,0,0,0,0,0,0,0,0,0,0,0,0,0,0,0,0,3.0,2.3,0.0,3,1,7,0
855,Druw Bowen,WVU,0,0,3,0,0,0,0,0,0,0,0,0,0,0,0,0,0,0,0,0,3.0,3.0,0.0,3,1,9,0
856,Jaetavian Toles,Tulane,0,0,0,0,0,0,0,0,2,1,0,0,0,0,0,0,0,0,0,0,1.0,1.7,0.0,3,1,5,0
857,Rontavius Groves,UNC,0,0,0,0,3,0,0,0,0,0,0,0,0,0,0,0,0,0,0,0,0.0,0.0,0.0,3,0,0,0
858,Tee Goree,SFA,0,0,0,0,0,0,0,0,0,0,0,0,0,0,0,0,0,0,0,0,0.2,169.5,0.0,2,43,339,2
859,Ron Hunt,NCA&T,0,0,0,2,0,0,0,0,0,0,0,0,0,0,0,0,0,0,0,0,0.3,66.0,0.0,2,14,132,0
860,Jaelin Carter,EastKy,0,0,2,0,0,0,0,0,0,0,0,0,0,0,0,0,0,0,0,0,0.3,61.5,0.0,2,13,123,1
861,Jarrod Barnes,Ark,0,0,0,0,0,0,0,0,0,0,0,0,0,0,0,0,0,0,0,0,2.0,15.0,0.0,2,2,30,0
862,Will Swinney,Clem,0,0,0,1,0,0,0,0,0,0,0,0,1,0,0,0,0,0,0,0,1.0,7.5,0.0,2,2,15,0
863,Justin Allen,Fres,0,0,0,0,0,0,0,0,0,0,0,0,0,0,0,0,0,0,0,0,2.0,25.5,0.0,2,2,51,1
864,Mydreon Vines,ECU,0,0,0,0,0,1,0,0,0,0,1,0,0,0,0,0,0,0,0,0,1.0,19.5,0.0,2,2,39,0
865,Jordan Hogue,BallSt,0,0,0,0,0,0,0,0,0,0,0,0,0,0,0,0,0,0,0,0,2.0,8.0,0.0,2,2,16,0
866,JoJo Robinson,TxTch,0,0,0,0,0,0,1,0,0,0,0,0,0,0,0,0,0,0,0,0,1.0,13.0,0.0,2,2,26,0
867,Branden Mack,Temple,0,0,0,0,0,0,1,0,0,0,1,0,0,0,0,0,0,0,0,0,1.0,11.5,0.0,2,2,23,0
868,Tyrell Alexander,OkSt,0,0,0,0,0,0,0,1,0,0,0,0,0,1,0,0,0,0,0,0,1.0,34.0,0.0,2,2,68,0
869,Derek Kief,Ala,0,0,0,0,0,1,0,0,0,0,0,0,1,0,0,0,0,0,0,0,0.5,17.0,0.0,2,2,34,1
870,Hezekiah Jones,TexA&M,0,0,2,0,0,0,0,0,0,0,0,0,0,0,0,0,0,0,0,0,2.0,6.5,0.0,2,2,13,0
871,Luke Endsley,BallSt,0,0,0,0,0,0,1,0,0,0,0,1,0,0,0,0,0,0,0,0,1.0,6.0,0.0,2,2,12,0
872,Lee Morris,Okla,0,0,1,0,0,0,0,0,0,0,0,0,0,0,0,0,0,0,0,0,1.0,30.5,0.0,2,2,61,2
873,JuMichael Ramos,NCSU,0,0,0,1,0,0,0,0,0,0,0,0,1,0,0,0,0,0,0,0,1.0,24.5,0.0,2,2,49,1
874,Akilian Butler,Boise,0,0,1,0,0,0,0,0,0,0,0,0,0,0,0,0,0,0,0,0,1.0,-0.5,0.0,2,2,-1,0
875,Devaughn Cooper,Ari,0,0,0,0,0,0,0,0,0,0,0,0,0,2,0,0,0,0,0,0,2.0,6.0,0.0,2,2,12,0
876,Jared Scott,Wyo,0,0,0,0,0,0,0,0,0,0,0,1,0,0,0,0,0,1,0,0,1.0,20.0,0.0,2,2,40,2
877,Jake Herslow,ODU,0,0,0,0,0,0,0,2,0,0,0,0,0,0,0,0,0,0,0,0,0.4,7.0,0.0,2,2,14,0
878,Jameson Field,Utah,0,0,0,0,0,0,0,0,2,0,0,0,0,0,0,0,0,0,0,0,1.0,6.0,0.0,2,2,12,0
879,De'Quan Bowman,TxTch,0,0,0,0,0,0,0,0,0,1,0,0,0,0,0,0,0,0,0,0,1.0,5.5,0.0,2,2,11,0
880,Chavis Dawkins,SCar,0,0,0,0,0,0,0,0,0,0,0,1,1,0,0,0,0,0,0,0,1.0,9.0,0.0,2,2,18,0
881,Trey Smith,ColoSt,0,0,0,0,0,0,0,0,0,0,0,0,0,0,0,0,0,0,0,0,1.0,12.5,0.0,2,2,25,0
882,Darrian McNeal,Oregon,0,0,0,0,0,0,0,0,0,1,0,0,0,0,0,0,0,0,0,0,0.7,5.0,0.0,2,2,10,0
883,Myles Tease,Okla,0,0,0,0,0,0,0,0,0,0,0,0,0,1,0,0,0,0,0,0,1.0,25.5,0.0,2,2,51,1
884,Randal Grimes,USC,0,0,0,0,0,0,1,0,1,0,0,0,0,0,0,0,0,0,0,0,1.0,8.5,0.0,2,2,17,0
885,LaDante Harris,FlaAtl,0,0,0,1,0,0,0,0,0,1,0,0,0,0,0,0,0,0,0,0,1.0,4.5,0.0,2,2,9,0
886,Dominic Christian,Nevada,0,0,0,0,0,0,0,0,0,0,0,2,0,0,0,0,0,0,0,0,2.0,4.0,0.0,2,2,8,0
887,Kjetil Cline,Army,0,0,0,0,0,0,2,0,0,0,0,0,0,0,0,0,0,0,0,0,0.7,4.5,0.0,2,1,9,0
888,Rhett Blackman,Toledo,0,0,0,0,0,0,2,0,0,0,0,0,0,0,0,0,0,0,0,0,1.0,3.5,0.0,2,1,7,0
889,CJ Sanders,ND,0,0,0,0,1,1,0,0,0,0,0,0,0,0,0,0,0,0,0,0,0.2,0.0,0.0,2,1,0,0
890,Devin Glenn,Tulane,0,0,0,0,0,0,1,0,0,0,1,0,0,0,0,0,0,0,0,0,0.3,4.0,0.0,2,1,8,0
891,Kyle Buss,UConn,0,0,0,0,0,0,0,0,0,0,0,0,0,2,0,0,0,0,0,0,0.4,2.0,0.0,2,1,4,0
892,Irvin Charles,PSU,0,0,1,0,0,0,0,0,0,0,1,0,0,0,0,0,0,0,0,0,0.4,2.0,0.0,2,1,4,0
893,Andrew Parchment,NIU,0,0,0,0,0,1,0,0,1,0,0,0,0,0,0,0,0,0,0,0,0.5,3.0,0.0,2,1,6,0
894,Tyler Gilfus,Syr,0,0,0,0,0,0,0,0,0,0,0,0,0,0,0,0,0,0,0,0,2.0,5.5,0.0,2,1,11,0
895,Malik Lovette,Oregon,0,0,0,0,0,0,0,0,0,0,0,0,0,1,0,0,0,0,0,0,1.0,13.5,0.0,2,1,27,0
896,Keyan Williams,Neb,0,0,0,0,0,0,0,0,0,0,0,0,0,2,0,0,0,0,0,0,2.0,9.5,0.0,2,1,19,0
897,Alex Honey,SMU,0,0,2,0,0,0,0,0,0,0,0,0,0,0,0,0,0,0,0,0,2.0,7.0,0.0,2,1,14,0
898,Devan Stubblefield,Hawaii,0,0,0,0,0,0,0,0,0,0,0,0,0,2,0,0,0,0,0,0,2.0,3.5,0.0,2,1,7,0
899,Brennan Gillis,BallSt,0,0,0,0,0,0,0,0,0,0,2,0,0,0,0,0,0,0,0,0,2.0,8.0,0.0,2,1,16,0
900,Drake Harris,Mich,0,0,0,0,0,0,0,0,0,0,0,0,0,2,0,0,0,0,0,0,2.0,5.0,0.0,2,1,10,0
901,Jalen Camp,GaTech,0,0,0,0,0,0,0,0,0,0,2,0,0,0,0,0,0,0,0,0,1.0,24.5,0.0,2,1,49,0
902,Dustin Burkhart,Akron,0,0,2,0,0,0,0,0,0,0,0,0,0,0,0,0,0,0,0,0,2.0,12.5,0.0,2,1,25,0
903,Daylon Charlot,Kansas,0,0,1,0,0,0,1,0,0,0,0,0,0,0,0,0,0,0,0,0,0.5,0.0,0.0,2,1,0,0
904,Devin Perry,UNC,0,0,0,0,0,2,0,0,0,0,0,0,0,0,0,0,0,0,0,0,2.0,8.0,0.0,2,1,16,0
905,Justin Brent,Nevada,0,0,0,0,2,0,0,0,0,0,0,0,0,0,0,0,0,0,0,0,2.0,10.5,0.0,2,1,21,0
906,Andre Bodden,OreSt,0,0,0,0,0,0,0,0,0,0,2,0,0,0,0,0,0,0,0,0,0.4,4.5,0.0,2,1,9,0
907,Ty Fryfogle,Ind,0,0,0,0,0,0,2,0,0,0,0,0,0,0,0,0,0,0,0,0,2.0,6.5,0.0,2,1,13,0
908,Freddy Canteen,ND,0,0,0,0,0,0,0,0,0,0,0,0,0,0,0,0,0,0,0,0,0.7,3.5,0.0,2,1,7,0
909,Terrell Chatman,AriSt,0,0,0,2,0,0,0,0,0,0,0,0,0,0,0,0,0,0,0,0,2.0,4.0,0.0,2,1,8,0
910,Tre Nixon,Miss,0,0,0,2,0,0,0,0,0,0,0,0,0,0,0,0,0,0,0,0,2.0,9.5,0.0,2,1,19,0
911,Jay Tyler,Stan,0,0,0,0,0,0,0,0,0,0,0,0,0,0,0,0,0,0,0,0,0.0,0.0,0.0,2,0,0,0
912,Nate Cottrell,GaTech,0,0,0,0,0,0,0,0,0,1,0,1,0,0,0,0,0,0,0,0,0.0,0.0,0.0,2,0,0,0
913,Monterio Hunt,Marsh,0,0,0,0,0,0,0,0,0,2,0,0,0,0,0,0,0,0,0,0,0.0,3.5,0.0,2,0,7,0
914,Shaq Davidson,JacSt,0,0,1,0,0,0,0,0,0,0,0,0,0,0,0,0,0,0,0,0,0.1,346.0,0.0,1,30,346,1
915,Trey Scott,NCA&T,0,0,0,1,0,0,0,0,0,0,0,0,0,0,0,0,0,0,0,0,0.1,365.0,0.0,1,26,365,3
916,Jaquil Capel,NCA&T,0,0,0,1,0,0,0,0,0,0,0,0,0,0,0,0,0,0,0,0,0.1,295.0,0.0,1,15,295,2
917,Trevor Terry,SouMis,0,0,0,0,0,0,0,0,0,0,0,0,1,0,0,0,0,0,0,0,1.0,6.0,0.0,1,1,6,0
918,Josh Anderson,CoastC,0,0,0,0,0,0,0,0,0,0,0,0,0,0,1,0,0,0,0,0,1.0,7.0,0.0,1,1,7,0
919,Dane Ledford,Tulane,0,0,0,1,0,0,0,0,0,0,0,0,0,0,0,0,0,0,0,0,1.0,11.0,0.0,1,1,11,0
920,Matt Seymour,Ohio,0,0,0,0,0,0,0,0,1,0,0,0,0,0,0,0,0,0,0,0,1.0,6.0,0.0,1,1,6,0
921,Chase Whitehead,SouMis,0,0,1,0,0,0,0,0,0,0,0,0,0,0,0,0,0,0,0,0,1.0,35.0,0.0,1,1,35,0
922,Collin Andrews,SDSU,0,0,0,0,0,1,0,0,0,0,0,0,0,0,0,0,0,0,0,0,1.0,11.0,0.0,1,1,11,0
923,Steven Claude,Wake,0,0,0,1,0,0,0,0,0,0,0,0,0,0,0,0,0,0,0,0,0.3,13.0,0.0,1,1,13,0
924,Alex Van Dyke,UCLA,0,0,0,0,0,0,0,0,0,0,0,1,0,0,0,0,0,0,0,0,1.0,6.0,0.0,1,1,6,0
925,Kevin Thomas,SMU,0,0,1,0,0,0,0,0,0,0,0,0,0,0,0,0,0,0,0,0,0.5,6.0,0.0,1,1,6,0
926,Trevon Lee,Duke,0,0,0,0,0,0,0,0,0,0,0,0,0,0,0,0,0,0,0,0,1.0,4.0,0.0,1,1,4,0
927,Chad Artist,UtahSt,0,0,0,0,1,0,0,0,0,0,0,0,0,0,0,0,0,0,0,0,1.0,4.0,0.0,1,1,4,0
928,Jake Matkovich,AF,0,0,0,0,0,0,0,0,0,0,1,0,0,0,0,0,0,0,0,0,1.0,18.0,0.0,1,1,18,0
929,Shai Werts,GaSo,0,0,0,0,0,0,0,0,0,0,0,0,0,0,1,0,0,0,0,0,0.1,30.0,0.0,1,1,30,0
930,Gary Cross,Ark,0,0,0,0,0,0,0,0,0,1,0,0,0,0,0,0,0,0,0,0,0.3,-2.0,0.0,1,1,-2,0
931,TreVontae Hights,TCU,0,0,0,0,0,0,0,0,0,0,0,0,0,0,0,0,0,0,0,0,0.2,56.0,0.0,1,1,56,1
932,Cam Denson,Ari,0,0,1,0,0,0,0,0,0,0,0,0,0,0,0,0,0,0,0,0,1.0,5.0,0.0,1,1,5,0
933,Garrett Amy,AF,0,0,0,0,0,0,1,0,0,0,0,0,0,0,0,0,0,0,0,0,0.2,10.0,0.0,1,1,10,0
934,Jackson Winrow,Vandy,0,0,1,0,0,0,0,0,0,0,0,0,0,0,0,0,0,0,0,0,1.0,13.0,0.0,1,1,13,0
935,Jamil Sabbagh,CentMi,0,0,0,0,0,0,0,0,1,0,0,0,0,0,0,0,0,0,0,0,1.0,7.0,0.0,1,1,7,0
936,JJ Holloman,UGa,0,0,0,0,0,0,1,0,0,0,0,0,0,0,0,0,0,0,0,0,1.0,7.0,0.0,1,1,7,0
937,A'Darius Purifoy,App,0,0,1,0,0,0,0,0,0,0,0,0,0,0,0,0,0,0,0,0,1.0,2.0,0.0,1,1,2,0
938,Brandon Benson,SMU,0,0,0,0,0,0,0,0,0,0,0,0,0,0,0,0,0,0,0,0,1.0,72.0,0.0,1,1,72,1
939,De'Vion Warren,Ark,0,0,0,0,0,0,0,0,0,0,1,0,0,0,0,0,0,0,0,0,0.1,5.0,0.0,1,1,5,0
940,Griffin King,Auburn,0,0,0,0,1,0,0,0,0,0,0,0,0,0,0,0,0,0,0,0,1.0,0.0,0.0,1,1,0,0
941,Bryan Long,Ohio,0,0,0,0,0,0,0,0,0,0,0,0,0,0,0,0,0,0,0,0,0.5,23.0,0.0,1,1,23,0
942,Dontae Crow,Wyo,0,0,0,0,0,0,0,0,0,1,0,0,0,0,0,0,0,0,0,0,0.5,5.0,0.0,1,1,5,0
943,Andrew Smith,AF,0,0,0,0,0,0,0,0,1,0,0,0,0,0,0,0,0,0,0,0,0.3,6.0,0.0,1,1,6,0
944,Chris Johnson,Tulane,0,0,0,0,0,0,0,0,0,0,0,0,0,0,0,0,0,0,0,0,1.0,5.0,0.0,1,1,5,0
945,Tyler Williams,AF,0,0,0,0,1,0,0,0,0,0,0,0,0,0,0,0,0,0,0,0,0.5,2.0,0.0,1,1,2,0
946,Corey Holmes,Purdue,0,0,0,1,0,0,0,0,0,0,0,0,0,0,0,0,0,0,0,0,1.0,7.0,0.0,1,1,7,0
947,Hunter Broersma,WestMi,0,0,0,0,0,1,0,0,0,0,0,0,0,0,0,0,0,0,0,0,1.0,5.0,0.0,1,1,5,0
948,Rafael Hidalgo,NM,0,0,1,0,0,0,0,0,0,0,0,0,0,0,0,0,0,0,0,0,1.0,13.0,0.0,1,1,13,0
949,Jordan Murphy,Tenn,0,0,0,0,0,0,0,0,0,0,1,0,0,0,0,0,0,0,0,0,1.0,12.0,0.0,1,1,12,0
950,Chaz Collins,SDSU,0,0,0,0,0,1,0,0,0,0,0,0,0,0,0,0,0,0,0,0,1.0,3.0,0.0,1,1,3,0
951,Demetrius Davis,UAB,0,0,0,0,0,0,0,0,0,0,0,0,0,1,0,0,0,0,0,0,0.3,7.0,0.0,1,1,7,0
952,Jernard Phillips,USF,0,0,0,0,0,0,0,0,0,0,0,0,0,0,0,0,0,0,0,0,1.0,13.0,0.0,1,1,13,0
953,Camden Harrison,Army,0,0,0,0,0,0,0,0,0,0,0,0,0,0,0,0,0,1,0,0,0.5,6.0,0.0,1,1,6,0
954,Devin Nixon,WestKy,0,0,0,0,0,0,0,1,0,0,0,0,0,0,0,0,0,0,0,0,0.5,7.0,0.0,1,1,7,0
955,Landen Akers,IaSt,0,0,0,0,0,0,0,1,0,0,0,0,0,0,0,0,0,0,0,0,0.2,34.0,0.0,1,1,34,0
956,Neru N'Shaka,Toledo,0,0,0,0,1,0,0,0,0,0,0,0,0,0,0,0,0,0,0,0,0.3,2.0,0.0,1,1,2,0
957,B.J. Casteel,Ari,0,0,0,0,0,0,0,0,0,0,0,0,0,0,0,0,0,0,1,0,1.0,24.0,0.0,1,1,24,0
958,Xavian Marks,Ala,0,0,1,0,0,0,0,0,0,0,0,0,0,0,0,0,0,0,0,0,0.2,24.0,0.0,1,1,24,0
959,Clevan Thomas,Kty,0,0,0,0,0,0,0,0,0,0,0,0,0,0,0,0,0,0,0,0,1.0,4.0,0.0,1,1,4,0
960,Davis Johnson,Wake,0,0,0,0,0,0,0,0,0,0,0,0,0,0,0,0,0,0,0,0,1.0,5.0,0.0,1,1,5,0
961,Ismail Saleem,Troy,0,0,1,0,0,0,0,0,0,0,0,0,0,0,0,0,0,0,0,0,1.0,5.0,0.0,1,1,5,0
962,Ricky Rogers,WVU,0,0,1,0,0,0,0,0,0,0,0,0,0,0,0,0,0,0,0,0,1.0,26.0,0.0,1,1,26,0
963,T'Qele Holmes,CoastC,0,0,0,0,0,0,0,1,0,0,0,0,0,0,0,0,0,0,0,0,0.0,0.0,0.0,1,0,0,0
964,Thai Cottrell,SJSU,0,0,0,0,0,0,0,0,0,0,0,0,0,0,0,0,0,0,0,0,0.0,0.0,0.0,1,0,0,0
965,Jayson Stanley,UGa,0,0,1,0,0,0,0,0,0,0,0,0,0,0,0,0,0,0,0,0,0.0,0.0,0.0,1,0,0,0
966,Terrell Green,ECU,0,0,0,0,0,0,0,0,0,0,0,0,1,0,0,0,0,0,0,0,0.0,0.0,0.0,1,0,0,0
967,Anu Somoye,NM,0,0,0,0,0,0,0,0,0,0,0,0,0,1,0,0,0,0,0,0,0.0,0.0,0.0,1,0,0,0
968,Jonathan Parker,NIU,0,0,1,0,0,0,0,0,0,0,0,0,0,0,0,0,0,0,0,0,0.0,0.0,0.0,1,0,0,0
969,Dejon Brissett,Rich,0,0,0,0,0,0,0,0,0,0,0,0,0,0,0,0,0,0,0,0,0.0,0.0,0.0,0,63,896,7
970,Cortrelle Simpson,Rich,0,0,0,0,0,0,0,0,0,0,0,0,0,0,0,0,0,0,0,0,0.0,0.0,0.0,0,60,1019,6
971,Terrence Alls,JMU,0,0,0,0,0,0,0,0,0,0,0,0,0,0,0,0,0,0,0,0,0.0,0.0,0.0,0,55,710,2
972,B.J. Farrow,Lib,0,0,0,0,0,0,0,0,0,0,0,0,0,0,0,0,0,0,0,0,0.0,0.0,0.0,0,32,571,10
973,Thomas Lucas,Duq,0,0,0,0,0,0,0,0,0,0,0,0,0,0,0,0,0,0,0,0,0.0,0.0,0.0,0,29,377,1
974,Darious Crawley,McNe,0,0,0,0,0,0,0,0,0,0,0,0,0,0,0,0,0,0,0,0,0.0,0.0,0.0,0,24,339,5
975,Ezrah Archie,JMU,0,0,0,0,0,0,0,0,0,0,0,0,0,0,0,0,0,0,0,0,0.0,0.0,0.0,0,16,121,1
976,Ra'Shaun Henry,StF-Pa,0,0,0,0,0,0,0,0,0,0,0,0,0,0,0,0,0,0,0,0,0.0,0.0,0.0,0,11,134,0
977,Talolo Limu-Jones,EastWa,0,0,0,0,0,0,0,0,0,0,0,0,0,0,0,0,0,0,0,0,0.0,0.0,0.0,0,11,148,4
978,Bryce Nunnelly,Chat,0,0,0,0,0,0,0,0,0,0,0,0,0,0,0,0,0,0,0,0,0.0,0.0,0.0,0,7,89,0
979,Jalen Christian,W&M,0,0,0,0,0,0,0,0,0,0,0,0,0,0,0,0,0,0,0,0,0.0,0.0,0.0,0,7,42,0
980,Cyron Sutton,McNe,0,0,0,0,0,0,0,0,0,0,0,0,0,0,0,0,0,0,0,0,0.0,0.0,0.0,0,6,129,2
981,Azende Rey,,0,0,0,0,0,0,0,0,0,0,0,0,0,0,0,0,0,0,0,0,0.0,0.0,0.0,0,3,16,0
982,Mitchell Perkinson,CenArk,0,0,0,0,0,0,0,0,0,0,0,0,0,0,0,0,0,0,0,0,0.0,0.0,0.0,0,2,27,0
983,Ezra Naylor,KennSt,0,0,0,0,0,0,0,0,0,0,0,0,0,0,0,0,0,0,0,0,0.0,0.0,0.0,0,2,26,0
984,Chandler Speights,TxSt,0,0,0,0,0,0,0,0,0,0,0,0,0,0,0,0,0,0,0,0,0.0,0.0,0.0,0,1,8,0
985,Koilan Jackson,Ark,0,0,0,0,0,0,0,0,0,0,0,0,0,0,0,0,0,0,0,0,0.0,0.0,0.0,0,1,11,0
986,Jeremiah Oatsvall,APSU,0,0,0,0,0,0,0,0,0,0,0,0,0,0,0,0,0,0,0,0,0.0,0.0,0.0,0,1,27,1
987,Raymond James,KentSt,0,0,0,0,0,0,0,0,0,0,0,0,0,0,0,0,0,0,0,0,0.0,0.0,0.0,0,1,4,0
988,Malik Murray,GaSo,0,0,0,0,0,0,0,0,0,0,0,0,0,0,0,0,0,0,0,0,0.0,0.0,0.0,0,0,0,0
989,Elijah Lilly,NM,0,0,0,0,0,0,0,0,0,0,0,0,0,0,0,0,0,0,0,0,0.0,0.0,0.0,0,0,0,0
990,Glen Coates,Army,0,0,0,0,0,0,0,0,0,0,0,0,0,0,0,0,0,0,0,0,0.0,0.0,0.0,0,0,0,0
991,Cole Brownholtz,Hawaii,0,0,0,0,0,0,0,0,0,0,0,0,0,0,0,0,0,0,0,0,0.0,0.0,0.0,0,0,0,0
992,D'Morea Wicks,AF,0,0,0,0,0,0,0,0,0,0,0,0,0,0,0,0,0,0,0,0,0.0,0.0,0.0,0,0,0,0
993,Jordan Overton,Buff,0,0,0,0,0,0,0,0,0,0,0,0,0,0,0,0,0,0,0,0,0.0,0.0,0.0,0,0,0,0
994,Kalil Pimpleton,VaTech,0,0,0,0,0,0,0,0,0,0,0,0,0,0,0,0,0,0,0,0,0.0,0.0,0.0,0,0,0,0
995,Maurice Alexander,FIU,0,0,0,0,0,0,0,0,0,0,0,0,0,0,0,0,0,0,0,0,0.0,0.0,0.0,0,0,0,0
996,Matt Quarells,Iowa,0,0,0,0,0,0,0,0,0,0,0,0,0,0,0,0,0,0,0,0,0.0,0.0,0.0,0,0,0,0
997,Sam Mays,Ill,0,0,0,0,0,0,0,0,0,0,0,0,0,0,0,0,0,0,0,0,0.0,0.0,0.0,0,0,-4,0
998,Tristan Payton,UCF,0,0,0,0,0,0,0,0,0,0,0,0,0,0,0,0,0,0,0,0,0.0,0.0,0.0,0,0,0,0
999,Andrew Hicks,Tulane,0,0,0,0,0,0,0,0,0,0,0,0,0,0,0,0,0,0,0,0,0.0,0.0,0.0,0,0,0,0
1000,Jeremy Clark,UNLV,0,0,0,0,0,0,0,0,0,0,0,0,0,0,0,0,0,0,0,0,0.0,0.0,0.0,0,0,0,0
1001,Ryan Kendall,Kty,0,0,0,0,0,0,0,0,0,0,0,0,0,0,0,0,0,0,0,0,0.0,0.0,0.0,0,0,0,0
1002,Micah Wilson,Missou,0,0,0,0,0,0,0,0,0,0,0,0,0,0,0,0,0,0,0,0,0.0,0.0,0.0,0,0,0,0
1003,Keytaon Thompson,MissSt,0,0,0,0,0,0,0,0,0,0,0,0,0,0,0,0,0,0,0,0,0.0,0.0,0.0,0,0,0,0
1004,Mark Torrez,UTEP,0,0,0,0,0,0,0,0,0,0,0,0,0,0,0,0,0,0,0,0,0.0,0.0,0.0,0,0,0,0
1005,Dymond Lee,UCLA,0,0,0,0,0,0,0,0,0,0,0,0,0,0,0,0,0,0,0,0,0.0,0.0,0.0,0,0,0,0
1006,Isaiah Brandt-Sims,Stan,0,0,0,0,0,0,0,0,0,0,0,0,0,0,0,0,0,0,0,0,0.0,0.0,0.0,0,0,0,0
1007,Melvin Holland,Minn,0,0,0,0,0,0,0,0,0,0,0,0,0,0,0,0,0,0,0,0,0.0,0.0,0.0,0,0,0,0
1008,Ezra Saffold,NIU,0,0,0,0,0,0,0,0,0,0,0,0,0,0,0,0,0,0,0,0,0.0,0.0,0.0,0,0,0,0
1009,Case Harrison,UCF,0,0,0,0,0,0,0,0,0,0,0,0,0,0,0,0,0,0,0,0,0.0,0.0,0.0,0,0,0,0
1010,Kendall Hinton,Wake,0,0,0,0,0,0,0,0,0,0,0,0,0,0,0,0,0,0,0,0,0.0,0.0,0.0,0,0,0,0
1011,Davion Hall,Baylor,0,0,0,0,0,0,0,0,0,0,0,0,0,0,0,0,0,0,0,0,0.0,0.0,0.0,0,0,0,0
1012,Kris Reed,SouMis,0,0,0,0,0,0,0,0,0,0,0,0,0,0,0,0,0,0,0,0,0.0,0.0,0.0,0,0,0,0
1013,KeyRon Catlett,Purdue,0,0,0,0,0,0,0,0,0,0,0,0,0,0,0,0,0,0,0,0,0.0,0.0,0.0,0,0,0,0
1014,Alex Mussat,WestMi,0,0,0,0,0,0,0,0,0,0,0,0,0,0,0,0,0,0,0,0,0.0,0.0,0.0,0,0,0,0
1015,Rajah Preciado,Baylor,0,0,0,0,0,0,0,0,0,0,0,0,0,0,0,0,0,0,0,0,0.0,0.0,0.0,0,0,0,0
1016,Keevon Harris,Ohio,0,0,0,0,0,0,0,0,0,0,0,0,0,0,0,0,0,0,0,0,0.0,0.0,0.0,0,0,0,0
1017,Zaquon Tyson,KentSt,0,0,0,0,0,0,0,0,0,0,0,0,0,0,0,0,0,0,0,0,0.0,0.0,0.0,0,0,0,0
1018,Darveon Brown,ArkSt,0,0,0,0,0,0,0,0,0,0,0,0,0,0,0,0,0,0,0,0,0.0,0.0,0.0,0,0,0,0
1019,Ahki Muhammad,Nevada,0,0,0,0,0,0,0,0,0,0,0,0,0,0,0,0,0,0,0,0,0.0,0.0,0.0,0,0,0,0
1020,Austin Cottrell,Boise,0,0,0,0,0,0,0,0,0,0,0,0,0,0,0,0,0,0,0,0,0.0,0.0,0.0,0,0,0,0
1021,Caleb Woodward,TxTch,0,0,0,0,0,0,0,0,0,0,0,0,0,0,0,0,0,0,0,0,0.0,0.0,0.0,0,0,0,0
1022,Max Cooper,Iowa,0,0,0,0,0,0,0,0,0,0,0,0,0,0,0,0,0,0,0,0,0.0,0.0,0.0,0,0,0,0
1023,Benjamin Waters,AF,0,0,0,0,0,0,0,0,0,0,0,0,0,0,0,0,0,0,0,0,0.0,0.0,0.0,0,0,0,0
1024,Kirk Johnson,Tx-SA,0,0,0,0,0,0,0,0,0,0,0,0,0,0,0,0,0,0,0,0,0.0,0.0,0.0,0,0,0,0
1025,Jake Russell,USC,0,0,0,0,0,0,0,0,0,0,0,0,0,0,0,0,0,0,0,0,0.0,0.0,0.0,0,0,0,0
1026,Chris Pierce,Vandy,0,0,0,0,0,0,0,0,0,0,0,0,0,0,0,0,0,0,0,0,0.0,0.0,0.0,0,0,0,0
1027,Jonathan Moore,KentSt,0,0,0,0,0,0,0,0,0,0,0,0,0,0,0,0,0,0,0,0,0.0,0.0,0.0,0,0,0,0
1028,Tino Allen,OreSt,0,0,0,0,0,0,0,0,0,0,0,0,0,0,0,0,0,0,0,0,0.0,0.0,0.0,0,0,0,0
1029,D.J. Polite-Bray,TxTch,0,0,0,0,0,0,0,0,0,0,0,0,0,0,0,0,0,0,0,0,0.0,0.0,0.0,0,0,0,0
1030,Brandon Wimbush,ND,0,0,0,0,0,0,0,0,0,0,0,0,0,0,0,0,0,0,0,0,0.0,0.0,0.0,0,0,0,0
1031,Damian Alloway,UCLA,0,0,0,0,0,0,0,0,0,0,0,0,0,0,0,0,0,0,0,0,0.0,0.0,0.0,0,0,0,0
1032,Jelani Roberts,NW,0,0,0,0,0,0,0,0,0,0,0,0,0,0,0,0,0,0,0,0,0.0,0.0,0.0,0,0,0,0
1033,Carson Epps,IaSt,0,0,0,0,0,0,0,0,0,0,0,0,0,0,0,0,0,0,0,0,0.0,0.0,0.0,0,0,0,0
1034,Corey Bell,UNC,0,0,0,0,0,0,0,0,0,0,0,0,0,0,0,0,0,0,0,0,0.0,0.0,0.0,0,0,0,0
1035,Isaiah Robertson,ND,0,0,0,0,0,0,0,0,0,0,0,0,0,0,0,0,0,0,0,0,0.0,0.0,0.0,0,0,0,0
1036,Jontre Kirklin,LSU,0,0,0,0,0,0,0,0,0,0,0,0,0,0,0,0,0,0,0,0,0.0,0.0,0.0,0,0,0,0
1037,Landon Wolf,OkSt,0,0,0,0,0,0,0,0,0,0,0,0,0,0,0,0,0,0,0,0,0.0,0.0,0.0,0,0,0,0
1038,Peyton Hall,Tx-SA,0,0,0,0,0,0,0,0,0,0,0,0,0,0,0,0,0,0,0,0,0.0,0.0,0.0,0,0,0,0
1039,Matt Guidry,Tx-SA,0,0,0,0,0,0,0,0,0,0,0,0,0,0,0,0,0,0,0,0,0.0,0.0,0.0,0,0,0,0
1040,Donovan Moore,Ari,0,0,0,0,0,0,0,0,0,0,0,0,0,0,0,0,0,0,0,0,0.0,0.0,0.0,0,0,0,0
1041,Bishop Louie,Tulsa,0,0,0,0,0,0,0,0,0,0,0,0,0,0,0,0,0,0,0,0,0.0,0.0,0.0,0,0,0,0
1042,Ray Wingo,Missou,0,0,0,0,0,0,0,0,0,0,0,0,0,0,0,0,0,0,0,0,0.0,0.0,0.0,0,0,0,0
1043,Travon Williams,Temple,0,0,0,0,0,0,0,0,0,0,0,0,0,0,0,0,0,0,0,0,0.0,0.0,0.0,0,0,0,0
1044,Ronnie Blackmon,Colo,0,0,0,0,0,0,0,0,0,0,0,0,0,0,0,0,0,0,0,0,0.0,0.0,0.0,0,0,0,0
1045,Thomas Reid,Ari,0,0,0,0,0,0,0,0,0,0,0,0,0,0,0,0,0,0,0,0,0.0,0.0,0.0,0,0,0,0
1046,Darrell Brown,ODU,0,0,0,0,0,0,0,0,0,0,0,0,0,0,0,0,0,0,0,0,0.0,0.0,0.0,0,0,0,0
1047,Reid Rials,SouMis,0,0,0,0,0,0,0,0,0,0,0,0,0,0,0,0,0,0,0,0,0.0,0.0,0.0,0,0,0,0
1048,Ronnie Blackmon,Colo,0,0,0,0,0,0,0,0,0,0,0,0,0,0,0,0,0,0,0,0,0.0,0.0,0.0,0,0,0,0
1049,Jovany Ruiz-Navarro,Buff,0,0,0,0,0,0,0,0,0,0,0,0,0,0,0,0,0,0,0,0,0.0,0.0,0.0,0,0,0,0
1050,Khalil McClain,Tulane,0,0,0,0,0,0,0,0,0,0,0,0,0,0,0,0,0,0,0,0,0.0,0.0,0.0,0,0,0,0
1051,Ronald Lewis,LaTech,0,0,0,0,0,0,0,0,0,0,0,0,0,0,0,0,0,0,0,0,0.0,0.0,0.0,0,0,0,0
1052,Mossi Johnson,UCLA,0,0,0,0,0,0,0,0,0,0,0,0,0,0,0,0,0,0,0,0,0.0,0.0,0.0,0,0,0,0
1053,Sam Glaesmann,Rice,0,0,0,0,0,0,0,0,0,0,0,0,0,0,0,0,0,0,0,0,0.0,0.0,0.0,0,0,0,0
1054,Zack Darlington,Neb,0,0,0,0,0,0,0,0,0,0,0,0,0,0,0,0,0,0,0,0,0.0,0.0,0.0,0,0,0,0
1055,Obim Okeke,Baylor,0,0,0,0,0,0,0,0,0,0,0,0,0,0,0,0,0,0,0,0,0.0,0.0,0.0,0,0,0,0
1056,Chris Johnson,UCF,0,0,0,0,0,0,0,0,0,0,0,0,0,0,0,0,0,0,0,0,0.0,0.0,0.0,0,0,0,0
1057,Jabir Daughtry-Frye,Troy,0,0,0,0,0,0,0,0,0,0,0,0,0,0,0,0,0,0,0,0,0.0,0.0,0.0,0,0,0,0
1058,Isaiah Johnson,Hou,0,0,0,0,0,0,0,0,0,0,0,0,0,0,0,0,0,0,0,0,0.0,0.0,0.0,0,0,0,0
1059,Tyquez Hampton,Utah,0,0,0,0,0,0,0,0,0,0,0,0,0,0,0,0,0,0,0,0,0.0,0.0,0.0,0,0,0,0
1060,Dexter Carter,GaSo,0,0,0,0,0,0,0,0,0,0,0,0,0,0,0,0,0,0,0,0,0.0,0.0,0.0,0,0,0,0
1061,Dominique Dafney,Iowa,0,0,0,0,0,0,0,0,0,0,0,0,0,0,0,0,0,0,0,0,0.0,0.0,0.0,0,0,0,0
1062,Zy'Aire Hughes,Kty,0,0,0,0,0,0,0,0,0,0,0,0,0,0,0,0,0,0,0,0,0.0,0.0,0.0,0,0,0,0
1063,Terry Mark,Hou,0,0,0,0,0,0,0,0,0,0,0,0,0,0,0,0,0,0,0,0,0.0,0.0,0.0,0,0,0,0
1064,Chris Barr,USF,0,0,0,0,0,0,0,0,0,0,0,0,0,0,0,0,0,0,0,0,0.0,0.0,0.0,0,0,0,0
1065,Treon Harris,TennSt,0,0,0,0,0,0,0,0,0,0,0,0,0,0,0,0,0,0,0,0,0.0,0.0,0.0,0,0,0,0
1066,Terry Googer,SCar,0,0,0,0,0,0,0,0,0,0,0,0,0,0,0,0,0,0,0,0,0.0,0.0,0.0,0,0,0,0
1067,Jadon Walker,ColoSt,0,0,0,0,0,0,0,0,0,0,0,0,0,0,0,0,0,0,0,0,0.0,0.0,0.0,0,0,0,0
1068,Stone Smartt,NoAri,0,0,0,0,0,0,0,0,0,0,0,0,0,0,0,0,0,0,0,0,0.0,0.0,0.0,0,0,0,0
1069,Kwamie Lassiter,Kansas,0,0,0,0,0,0,0,0,0,0,0,0,0,0,0,0,0,0,0,0,0.0,0.0,0.0,0,0,0,0
1070,Isaiah Hill,Mia-O,0,0,0,0,0,0,0,0,0,0,0,0,0,0,0,0,0,0,0,0,0.0,0.0,0.0,0,0,0,0
1071,Justin Jefferson,LSU,0,0,0,0,0,0,0,0,0,0,0,0,0,0,0,0,0,0,0,0,0.0,0.0,0.0,0,0,0,0